일시,부산 강서구 녹산동,부산 강서구 대저동,부산 강서구 명지동,부산 금정구 부곡동,부산 금정구 청룡동,부산 금정구 회동동,부산 기장군 기장읍,부산 기장군 용수리,부산 남구 대연동,부산 남구 용호동,부산 동구 수정동,부산 동래구 명장동,부산 부산진구 개금동,부산 부산진구 전포동,부산 북구 덕천동,부산 북구 화명동,부산 사상구 덕포동,부산 사상구 학장동,부산 사하구 당리동,부산 사하구 장림동,부산 서구 대신동,부산 수영구 광안동,부산 연제구 연산동,부산 영도구 청학동,부산 영도구 태종대,부산 중구 광복동,부산 해운대구 재송동,부산 해운대구 좌동,부산 강서구 부산신항,부산 동구 부산북항,부산 동구 초량동,부산 동래구 온천동,부산 사상구 삼락동,부산 강서구 부산항
2022-06-01 00:01:00,19,24.0,21.0,27.0,20,17.0,23,21,21,18,14,23,29,2,27.0,30,22,24,18.0,22,20,27.0,25,12,13,18.0,13,29.0,32.0,16,23,32,20,29
2022-06-01 00:02:00,43,19.0,18.0,33.0,22,18.0,22,21,21,15,14,23,20,12,32.0,25,18,23,15.0,22,22,23.0,20,18,14,19.0,20,23.0,26.0,20,20,32,17,27
2022-06-01 00:03:00,29,15.0,21.0,30.0,17,16.0,18,18,23,17,16,23,26,17,19.0,17,22,24,15.0,20,22,28.0,18,16,15,19.0,20,25.0,31.0,18,21,25,22,42
2022-06-01 00:04:00,26,22.0,27.0,23.0,16,17.0,23,20,21,17,12,22,24,17,30.0,16,28,28,24.0,23,19,24.0,19,16,24,22.0,19,25.0,34.0,25,19,18,25,29
2022-06-01 00:05:00,20,21.0,28.0,20.0,15,17.0,18,18,22,19,28,26,22,19,26.0,17,30,36,25.0,24,29,21.0,24,16,25,19.0,13,22.0,29.0,34,22,25,26,28
2022-06-01 00:06:00,29,19.0,28.0,22.0,17,18.0,19,16,21,21,22,25,27,18,20.0,18,23,28,22.0,27,26,24.0,24,17,23,22.0,17,26.0,25.0,25,24,26,24,55
2022-06-01 00:07:00,35,26.0,28.0,26.0,16,12.0,21,21,25,21,23,29,27,28,30.0,22,45,43,20.0,27,22,35.0,22,20,29,28.0,16,27.0,23.0,34,27,21,31,59
2022-06-01 00:08:00,32,27.0,26.0,25.0,22,18.0,29,27,29,24,26,37,38,16,30.0,27,30,62,32.0,46,28,32.0,17,19,28,29.0,37,27.0,27.0,35,24,28,30,48
2022-06-01 00:09:00,43,32.0,31.0,28.0,31,13.0,28,27,29,23,28,28,40,44,40.0,26,34,50,41.0,66,22,37.0,29,17,18,34.0,41,30.0,35.0,50,35,34,36,53
2022-06-01 00:10:00,40,35.0,42.0,24.0,26,27.0,22,26,36,41,50,27,47,48,36.0,27,36,47,46.0,51,17,34.0,27,24,22,48.0,33,29.0,47.0,42,35,30,34,46
2022-06-01 00:11:00,44,24.0,34.0,31.0,21,22.0,29,17,25,27,68,30,37,56,35.0,33,35,45,29.0,40,33,42.0,26,19,33,58.0,26,32.0,46.0,38,49,42,28,34
2022-06-01 00:12:00,40,24.0,36.0,31.0,20,23.0,23,23,34,25,50,29,34,27,24.0,23,23,37,36.0,46,39,31.0,27,33,19,36.0,29,25.0,45.0,41,45,35,27,33
2022-06-01 00:13:00,41,25.0,33.0,32.0,25,25.0,29,23,25,23,45,32,27,7,30.0,32,32,45,35.0,30,32,21.0,23,30,19,28.0,25,22.0,35.0,28,39,43,25,27
2022-06-01 00:14:00,24,18.0,23.0,20.0,34,19.0,22,21,18,17,36,27,30,47,35.0,40,21,54,28.0,29,26,25.0,26,24,18,26.0,21,23.0,16.0,26,28,36,16,35
2022-06-01 00:15:00,20,19.0,19.0,25.0,29,20.0,23,25,21,17,28,21,25,23,32.0,41,27,34,24.0,29,23,27.0,20,26,18,23.0,21,24.0,18.0,23,21,30,22,29
2022-06-01 00:16:00,21,24.0,15.0,29.0,24,17.0,24,11,16,11,28,24,19,13,23.0,33,22,19,19.0,23,13,35.0,22,18,13,24.0,18,16.0,14.0,22,27,30,25,28
2022-06-01 00:17:00,27,20.0,20.0,21.0,22,14.0,26,12,14,12,26,22,18,2,24.0,34,21,34,24.0,20,15,36.0,16,16,15,21.0,15,22.0,14.0,17,18,27,24,32
2022-06-01 00:18:00,31,15.0,26.0,20.0,24,16.0,22,16,24,15,43,21,16,19,19.0,28,26,35,26.0,22,22,38.0,17,20,9,23.0,17,23.0,17.0,23,20,22,17,40
2022-06-01 00:19:00,27,22.0,28.0,25.0,17,19.0,19,17,23,17,28,12,19,22,30.0,34,26,29,22.0,28,24,27.0,22,22,15,25.0,21,22.0,23.0,19,22,28,26,36
2022-06-01 00:20:00,27,22.0,24.0,26.0,23,17.0,16,18,22,21,24,23,28,32,31.0,33,24,21,21.0,22,26,20.0,23,20,19,28.0,21,28.0,28.0,27,27,36,21,31
2022-06-01 00:21:00,21,20.0,23.0,30.0,22,18.0,29,20,24,17,2,19,23,29,23.0,27,23,25,20.0,23,29,22.0,22,17,19,32.0,25,24.0,31.0,26,24,27,24,28
2022-06-01 00:22:00,22,19.0,23.0,25.0,21,19.0,24,23,23,20,19,20,27,21,25.0,25,24,23,21.0,22,26,22.0,17,18,17,18.0,17,29.0,23.0,20,26,27,20,29
2022-06-01 00:23:00,35,19.0,23.0,25.0,18,20.0,23,20,13,14,22,18,20,18,25.0,20,21,23,24.0,22,23,17.0,23,20,53,15.0,17,23.0,27.0,23,26,27,23,27
2022-06-01 00:24:00,18,14.0,19.0,12.0,17,25.0,17,25,22,15,18,19,24,25,23.0,25,24,25,29.0,17,21,21.0,24,19,22,23.0,18,25.0,23.0,25,23,25,21,31
2022-06-02 00:01:00,22,14.0,21.0,15.0,16,18.0,19,24,24,22,16,16,28,23,23.0,15,24,30,23.0,23,17,22.0,19,17,20,27.0,18,25.0,20.0,21,17,19,19,34
2022-06-02 00:02:00,21,12.0,31.0,23.0,13,15.0,16,17,19,21,17,20,26,25,22.0,21,18,24,22.0,26,16,22.0,17,20,18,23.0,16,22.0,20.0,18,13,13,13,29
2022-06-02 00:03:00,25,18.0,19.0,15.0,14,11.0,11,16,23,18,11,19,22,43,14.0,17,18,30,23.0,19,16,17.0,18,19,18,20.0,19,26.0,19.0,20,15,19,17,34
2022-06-02 00:04:00,27,22.0,19.0,15.0,12,15.0,20,19,14,16,11,18,26,14,17.0,14,20,30,22.0,18,22,16.0,16,16,12,24.0,17,23.0,15.0,15,14,19,17,27
2022-06-02 00:05:00,19,22.0,20.0,16.0,11,14.0,17,14,24,11,11,15,23,12,21.0,14,18,24,25.0,25,22,20.0,15,25,12,21.0,15,21.0,20.0,13,20,14,17,-
2022-06-02 00:06:00,18,24.0,22.0,15.0,10,16.0,16,17,16,16,11,16,15,13,25.0,14,23,27,25.0,21,15,16.0,12,19,23,21.0,16,21.0,22.0,27,12,24,22,42
2022-06-02 00:07:00,28,21.0,23.0,18.0,14,17.0,19,16,19,16,19,17,26,13,27.0,16,24,53,26.0,27,23,19.0,22,18,18,19.0,21,22.0,21.0,15,29,26,27,43
2022-06-02 00:08:00,28,32.0,27.0,17.0,22,14.0,23,19,26,27,18,22,35,13,31.0,15,29,40,21.0,28,17,18.0,20,18,15,25.0,18,25.0,31.0,27,21,23,29,39
2022-06-02 00:09:00,26,24.0,24.0,24.0,22,27.0,17,19,30,22,19,25,32,34,32.0,23,33,45,22.0,20,20,33.0,26,21,13,26.0,22,29.0,25.0,22,24,27,28,31
2022-06-02 00:10:00,22,29.0,20.0,20.0,21,58.0,20,19,25,19,22,22,27,32,35.0,27,38,46,26.0,24,26,37.0,22,20,17,32.0,26,23.0,20.0,30,22,30,28,27
2022-06-02 00:11:00,18,25.0,16.0,31.0,25,77.0,26,25,27,20,31,24,24,24,28.0,34,32,47,28.0,25,30,50.0,20,12,15,38.0,25,19.0,18.0,37,35,35,25,30
2022-06-02 00:12:00,62,27.0,7.0,32.0,22,36.0,31,23,29,22,31,29,35,35,33.0,28,26,45,23.0,29,33,47.0,-,19,22,34.0,21,23.0,24.0,34,27,33,29,37
2022-06-02 00:13:00,23,26.0,20.0,21.0,20,54.0,34,22,31,15,34,30,35,33,29.0,31,30,59,32.0,29,36,64.0,-,18,19,31.0,27,26.0,27.0,34,27,36,24,32
2022-06-02 00:14:00,22,24.0,17.0,28.0,27,39.0,29,19,27,22,29,27,27,19,37.0,31,37,58,27.0,25,25,35.0,32,20,22,29.0,27,25.0,22.0,-,26,31,25,32
2022-06-02 00:15:00,32,27.0,22.0,35.0,31,43.0,36,23,33,41,-,28,18,47,29.0,27,35,63,32.0,28,32,69.0,26,17,17,29.0,27,25.0,23.0,-,36,37,29,33
2022-06-02 00:16:00,33,24.0,20.0,39.0,33,65.0,37,31,35,21,-,36,28,25,33.0,27,38,73,27.0,29,24,55.0,25,23,17,37.0,27,22.0,23.0,27,-,42,29,33
2022-06-02 00:17:00,24,21.0,19.0,36.0,30,32.0,31,31,31,16,33,26,-,23,33.0,37,35,60,30.0,30,25,50.0,24,28,17,29.0,17,26.0,19.0,29,-,38,28,32
2022-06-02 00:18:00,25,22.0,24.0,24.0,27,20.0,22,27,28,19,57,24,-,26,27.0,32,33,50,26.0,27,38,43.0,31,24,14,26.0,22,30.0,29.0,42,-,38,25,38
2022-06-02 00:19:00,32,25.0,20.0,34.0,26,22.0,27,27,27,19,34,24,22,31,27.0,24,27,44,30.0,22,30,20.0,25,20,19,21.0,23,26.0,33.0,28,-,40,28,30
2022-06-02 00:20:00,33,27.0,28.0,27.0,27,18.0,24,24,27,19,32,22,26,35,29.0,31,30,31,23.0,26,27,24.0,24,19,18,23.0,22,26.0,19.0,27,-,41,31,28
2022-06-02 00:21:00,35,25.0,19.0,28.0,18,21.0,17,24,26,20,9,29,27,30,23.0,39,22,26,31.0,24,25,23.0,22,17,17,24.0,25,30.0,24.0,26,-,32,30,34
2022-06-02 00:22:00,18,27.0,22.0,25.0,26,21.0,24,24,25,20,2,26,24,34,27.0,22,26,26,30.0,28,23,24.0,27,17,18,27.0,26,25.0,18.0,31,-,35,28,31
2022-06-02 00:23:00,19,16.0,20.0,23.0,21,22.0,26,27,26,24,25,20,20,25,23.0,22,24,26,26.0,19,27,35.0,24,20,15,27.0,26,27.0,18.0,27,-,25,20,19
2022-06-02 00:24:00,17,18.0,21.0,27.0,25,22.0,22,18,22,23,16,24,16,17,19.0,18,22,25,26.0,19,18,27.0,16,22,17,22.0,17,27.0,16.0,21,-,26,25,27
2022-06-03 00:01:00,17,16.0,20.0,26.0,24,17.0,24,24,29,23,25,16,22,15,23.0,19,20,27,18.0,20,19,26.0,16,18,12,24.0,20,25.0,19.0,20,-,22,15,28
2022-06-03 00:02:00,38,26.0,33.0,25.0,20,26.0,23,25,23,22,19,24,18,20,21.0,20,22,35,19.0,18,18,31.0,22,19,17,20.0,21,22.0,16.0,29,-,22,17,28
2022-06-03 00:03:00,21,25.0,27.0,26.0,22,22.0,25,29,18,22,19,23,21,17,19.0,19,20,31,23.0,24,24,20.0,24,18,18,20.0,22,26.0,22.0,25,-,22,20,44
2022-06-03 00:04:00,23,21.0,18.0,25.0,18,19.0,24,22,22,19,25,23,22,28,37.0,21,34,30,29.0,26,32,27.0,23,28,15,27.0,23,27.0,15.0,25,-,28,25,30
2022-06-03 00:05:00,34,22.0,31.0,27.0,17,17.0,26,22,26,26,35,31,34,26,33.0,19,32,35,36.0,25,32,26.0,30,28,13,21.0,25,29.0,22.0,34,-,27,33,37
2022-06-03 00:06:00,29,27.0,34.0,27.0,19,23.0,23,26,33,22,35,31,35,31,35.0,19,38,37,33.0,30,35,33.0,32,32,15,24.0,32,27.0,23.0,35,-,28,27,49
2022-06-03 00:07:00,31,34.0,38.0,28.0,21,24.0,30,27,36,30,35,35,37,33,37.0,23,37,31,36.0,29,34,28.0,28,32,22,32.0,29,27.0,20.0,40,-,27,40,56
2022-06-03 00:08:00,33,48.0,38.0,26.0,26,22.0,32,26,39,36,2,35,43,35,40.0,28,47,69,41.0,42,34,35.0,36,35,28,39.0,45,31.0,24.0,48,-,40,34,52
2022-06-03 00:09:00,50,41.0,44.0,31.0,35,25.0,31,30,40,40,2,35,47,36,39.0,32,42,53,54.0,53,43,34.0,37,44,29,51.0,35,34.0,38.0,60,-,46,41,-
2022-06-03 00:10:00,52,48.0,52.0,40.0,31,41.0,40,33,43,40,47,37,39,19,47.0,37,43,54,69.0,68,54,43.0,39,45,28,60.0,40,39.0,48.0,61,-,46,47,-
2022-06-03 00:11:00,52,48.0,51.0,39.0,33,34.0,37,46,35,32,2,37,40,32,46.0,40,56,46,45.0,52,45,38.0,48,32,29,44.0,41,42.0,48.0,44,-,43,50,-
2022-06-03 00:12:00,-,43.0,50.0,48.0,46,49.0,43,53,38,34,58,47,45,48,42.0,40,50,47,46.0,51,45,57.0,43,38,30,45.0,42,43.0,32.0,54,-,55,50,49
2022-06-03 00:13:00,54,52.0,51.0,52.0,49,41.0,46,45,39,43,56,42,55,74,51.0,55,55,51,47.0,54,48,44.0,47,44,34,50.0,43,41.0,41.0,50,-,47,58,49
2022-06-03 00:14:00,51,50.0,53.0,45.0,41,37.0,38,44,34,39,54,41,48,28,56.0,47,72,55,49.0,53,50,43.0,39,33,29,43.0,38,35.0,37.0,50,-,48,61,55
2022-06-03 00:15:00,49,46.0,44.0,38.0,37,35.0,39,37,33,27,55,34,40,35,41.0,37,48,47,47.0,74,43,38.0,43,33,28,33.0,37,32.0,43.0,54,-,38,50,60
2022-06-03 00:16:00,45,43.0,46.0,31.0,30,36.0,31,39,34,31,49,30,32,57,39.0,29,41,51,36.0,65,40,31.0,35,34,24,32.0,31,33.0,37.0,65,41,35,44,55
2022-06-03 00:17:00,47,46.0,40.0,22.0,28,27.0,23,35,26,26,47,23,29,14,39.0,35,38,46,34.0,67,37,28.0,28,27,27,31.0,27,27.0,31.0,43,42,37,37,41
2022-06-03 00:18:00,39,38.0,32.0,25.0,20,28.0,30,27,31,21,40,30,30,21,30.0,29,28,40,34.0,60,34,27.0,32,26,22,26.0,26,31.0,30.0,39,31,33,30,43
2022-06-03 00:19:00,39,30.0,33.0,34.0,27,33.0,27,40,25,19,35,26,31,31,29.0,28,26,36,27.0,33,34,27.0,27,27,28,26.0,25,32.0,34.0,35,39,29,31,45
2022-06-03 00:20:00,34,30.0,26.0,33.0,31,32.0,29,28,32,26,36,32,29,29,30.0,32,27,41,28.0,42,35,31.0,28,27,24,32.0,33,34.0,33.0,31,44,37,28,52
2022-06-03 00:21:00,33,31.0,28.0,32.0,24,21.0,26,30,27,23,31,28,31,37,34.0,36,34,30,28.0,33,35,29.0,37,27,24,28.0,29,34.0,29.0,35,42,48,27,44
2022-06-03 00:22:00,32,27.0,36.0,29.0,30,25.0,28,27,26,23,41,26,24,59,33.0,24,28,33,27.0,33,33,30.0,31,24,24,30.0,27,26.0,34.0,30,37,38,33,47
2022-06-03 00:23:00,33,17.0,25.0,30.0,19,24.0,21,21,29,24,41,30,27,19,33.0,21,28,29,26.0,30,27,26.0,28,24,22,23.0,27,29.0,34.0,29,31,35,21,55
2022-06-03 00:24:00,26,24.0,24.0,26.0,21,22.0,19,26,32,22,44,29,26,27,27.0,23,24,23,25.0,24,32,34.0,33,25,18,29.0,28,26.0,32.0,31,32,31,24,36
2022-06-04 00:01:00,27,21.0,22.0,22.0,22,21.0,21,12,27,22,46,21,26,32,24.0,15,20,26,23.0,29,32,29.0,27,22,17,27.0,25,22.0,23.0,31,34,27,24,30
2022-06-04 00:02:00,27,21.0,25.0,24.0,15,24.0,18,20,25,15,42,21,26,19,26.0,17,20,22,30.0,25,27,25.0,27,23,14,26.0,22,25.0,25.0,29,29,30,22,28
2022-06-04 00:03:00,20,24.0,20.0,25.0,12,19.0,22,18,22,19,32,18,18,19,26.0,18,27,26,27.0,29,23,25.0,17,19,22,30.0,20,22.0,25.0,29,28,21,21,32
2022-06-04 00:04:00,17,18.0,23.0,17.0,12,19.0,20,16,23,20,33,19,21,16,23.0,15,25,21,23.0,19,23,27.0,21,17,18,25.0,19,22.0,22.0,27,22,26,19,27
2022-06-04 00:05:00,22,20.0,20.0,18.0,18,21.0,20,27,21,20,29,24,24,12,20.0,15,20,22,24.0,21,26,23.0,21,24,13,27.0,20,23.0,20.0,31,25,20,15,32
2022-06-04 00:06:00,18,21.0,20.0,16.0,15,18.0,18,22,21,19,32,21,21,13,23.0,16,26,23,21.0,21,21,25.0,22,23,13,23.0,20,25.0,27.0,27,20,20,15,24
2022-06-04 00:07:00,13,19.0,21.0,24.0,14,26.0,18,18,18,16,33,20,26,45,23.0,17,24,20,24.0,26,24,18.0,21,21,17,21.0,16,26.0,25.0,24,24,20,15,27
2022-06-04 00:08:00,18,20.0,26.0,23.0,12,19.0,20,18,19,19,31,19,20,2,17.0,15,21,18,21.0,21,25,21.0,21,17,15,21.0,18,25.0,18.0,20,27,25,17,32
2022-06-04 00:09:00,23,19.0,18.0,17.0,15,24.0,22,22,16,15,22,25,20,48,19.0,12,16,20,19.0,26,21,17.0,16,22,15,22.0,17,22.0,24.0,22,22,24,15,34
2022-06-04 00:10:00,18,23.0,25.0,28.0,18,19.0,15,17,17,17,32,20,21,19,30.0,19,25,25,19.0,34,19,15.0,26,19,15,27.0,20,19.0,24.0,25,25,27,19,31
2022-06-04 00:11:00,27,26.0,23.0,17.0,20,19.0,19,24,18,12,35,20,17,2,21.0,21,20,22,23.0,46,22,23.0,16,20,15,23.0,24,24.0,21.0,31,25,20,16,34
2022-06-04 00:12:00,27,18.0,24.0,21.0,16,15.0,18,21,18,18,60,16,19,19,19.0,19,21,19,19.0,34,23,18.0,17,22,15,25.0,18,18.0,23.0,29,31,21,17,34
2022-06-04 00:13:00,26,17.0,21.0,18.0,18,12.0,18,19,15,19,20,15,15,24,17.0,18,17,22,21.0,48,20,18.0,16,18,-,24.0,17,25.0,22.0,22,29,20,13,29
2022-06-04 00:14:00,16,18.0,17.0,12.0,14,12.0,19,21,17,18,23,17,12,13,16.0,13,12,21,10.0,25,17,17.0,16,15,14,15.0,11,25.0,18.0,16,27,13,13,28
2022-06-04 00:15:00,25,15.0,20.0,15.0,12,21.0,17,18,14,18,28,14,11,17,13.0,17,13,18,19.0,27,23,15.0,15,20,20,15.0,13,24.0,17.0,21,32,19,12,26
2022-06-04 00:16:00,27,16.0,14.0,12.0,16,18.0,13,20,21,18,24,10,10,15,19.0,20,13,10,16.0,33,20,15.0,20,23,18,16.0,12,21.0,22.0,20,27,16,14,26
2022-06-04 00:17:00,20,18.0,16.0,12.0,12,20.0,17,20,21,13,17,11,11,12,17.0,11,11,18,17.0,28,17,26.0,16,15,19,20.0,14,23.0,21.0,20,25,17,14,29
2022-06-04 00:18:00,19,18.0,24.0,16.0,12,12.0,16,17,26,14,17,13,17,16,18.0,9,12,17,18.0,27,20,14.0,21,23,13,26.0,19,17.0,20.0,22,23,23,16,34
2022-06-04 00:19:00,18,22.0,16.0,14.0,16,18.0,22,18,18,12,11,19,16,12,23.0,19,14,28,20.0,30,20,18.0,18,17,18,19.0,22,23.0,23.0,18,21,27,13,38
2022-06-04 00:20:00,19,16.0,17.0,21.0,14,16.0,17,-,18,19,14,19,16,16,21.0,26,13,17,17.0,27,21,19.0,22,24,17,18.0,16,20.0,20.0,15,21,24,12,35
2022-06-04 00:21:00,16,18.0,18.0,19.0,17,9.0,18,-,21,23,20,15,23,26,21.0,19,17,18,20.0,23,16,17.0,23,20,23,23.0,15,27.0,20.0,23,23,24,17,35
2022-06-04 00:22:00,19,18.0,21.0,19.0,16,13.0,18,-,21,19,22,18,22,26,22.0,20,16,16,19.0,25,23,16.0,23,16,18,17.0,16,27.0,18.0,24,20,23,15,29
2022-06-04 00:23:00,24,19.0,17.0,19.0,24,15.0,19,-,19,16,27,16,17,22,22.0,26,18,17,12.0,20,16,14.0,20,22,19,24.0,18,29.0,22.0,13,25,23,10,30
2022-06-04 00:24:00,17,19.0,15.0,29.0,26,18.0,22,-,17,13,30,17,17,36,24.0,22,20,21,14.0,15,17,16.0,25,18,17,26.0,19,22.0,19.0,17,24,34,14,33
2022-06-05 00:01:00,15,16.0,16.0,21.0,21,21.0,22,-,16,13,22,21,25,17,30.0,20,19,24,14.0,18,18,17.0,27,19,12,17.0,14,19.0,19.0,14,21,26,21,38
2022-06-05 00:02:00,23,21.0,18.0,21.0,16,22.0,20,-,22,18,32,22,28,19,25.0,19,21,19,14.0,15,21,19.0,23,14,17,19.0,18,22.0,21.0,19,21,26,16,31
2022-06-05 00:03:00,16,14.0,21.0,24.0,22,21.0,15,-,16,20,27,20,22,14,25.0,20,22,20,14.0,16,23,17.0,20,16,13,15.0,17,24.0,21.0,16,21,26,15,29
2022-06-05 00:04:00,20,15.0,22.0,19.0,13,21.0,22,-,18,20,22,18,18,17,21.0,17,23,24,13.0,16,18,20.0,24,18,19,17.0,12,26.0,19.0,19,22,24,17,32
2022-06-05 00:05:00,21,17.0,19.0,17.0,12,12.0,23,-,21,22,33,19,16,16,19.0,20,19,24,11.0,19,19,24.0,17,21,19,21.0,25,26.0,18.0,23,23,21,16,27
2022-06-05 00:06:00,19,17.0,19.0,20.0,17,18.0,24,-,23,21,26,22,21,22,20.0,12,17,19,21.0,24,24,19.0,26,21,18,20.0,20,22.0,20.0,22,24,21,17,25
2022-06-05 00:07:00,20,14.0,15.0,21.0,18,17.0,18,-,21,15,34,20,19,15,17.0,14,19,15,22.0,21,22,19.0,17,15,19,20.0,15,29.0,17.0,23,23,25,17,30
2022-06-05 00:08:00,17,19.0,23.0,21.0,17,86.0,25,-,21,22,36,27,23,14,22.0,13,21,20,14.0,16,24,21.0,22,21,13,18.0,17,25.0,20.0,20,23,26,19,34
2022-06-05 00:09:00,20,26.0,23.0,17.0,16,21.0,22,-,30,17,50,22,25,22,27.0,21,19,18,20.0,17,22,21.0,27,26,12,22.0,16,20.0,22.0,25,18,22,21,31
2022-06-05 00:10:00,21,23.0,17.0,20.0,18,24.0,27,-,19,21,41,31,21,21,24.0,19,25,24,21.0,21,23,20.0,21,18,23,17.0,23,25.0,29.0,17,23,27,20,33
2022-06-05 00:11:00,23,25.0,19.0,24.0,21,22.0,22,-,19,21,34,24,24,18,25.0,20,28,22,22.0,21,23,18.0,23,15,15,23.0,16,22.0,27.0,21,29,27,23,37
2022-06-05 00:12:00,22,22.0,23.0,16.0,16,18.0,18,-,21,18,30,17,18,27,20.0,16,25,20,23.0,20,23,14.0,23,14,15,21.0,17,26.0,34.0,22,21,15,19,31
2022-06-05 00:13:00,21,14.0,17.0,13.0,11,12.0,19,-,14,22,32,19,14,4,19.0,9,19,20,21.0,18,16,13.0,15,13,12,21.0,18,22.0,22.0,15,18,10,15,18
2022-06-05 00:14:00,10,15.0,13.0,15.0,9,11.0,18,-,18,14,22,17,12,7,16.0,13,18,16,16.0,9,9,13.0,8,14,10,19.0,16,17.0,15.0,20,17,23,12,26
2022-06-05 00:15:00,16,15.0,11.0,15.0,11,9.0,17,-,16,13,24,12,12,16,17.0,10,13,14,12.0,13,12,13.0,16,15,13,19.0,16,20.0,19.0,21,16,17,14,27
2022-06-05 00:16:00,15,21.0,16.0,16.0,10,12.0,13,-,18,12,21,14,13,13,16.0,13,14,15,17.0,14,10,13.0,17,11,10,14.0,11,21.0,16.0,16,17,8,10,33
2022-06-05 00:17:00,17,15.0,14.0,23.0,14,16.0,21,-,19,20,26,18,11,13,13.0,13,15,29,18.0,18,16,18.0,15,16,12,16.0,17,25.0,17.0,23,22,23,9,23
2022-06-05 00:18:00,13,11.0,9.0,15.0,11,11.0,11,-,6,9,21,12,11,2,15.0,10,12,10,9.0,11,11,12.0,10,8,8,15.0,9,21.0,15.0,12,17,16,6,15
2022-06-05 00:19:00,14,8.0,9.0,23.0,11,8.0,11,-,15,13,14,13,9,12,9.0,14,8,9,13.0,11,7,8.0,12,15,7,14.0,7,19.0,15.0,7,19,14,11,15
2022-06-05 00:20:00,8,14.0,7.0,9.0,8,6.0,17,-,9,12,12,10,9,3,11.0,14,11,7,6.0,8,3,7.0,17,7,9,9.0,6,20.0,12.0,4,8,14,8,9
2022-06-05 00:21:00,5,8.0,6.0,17.0,4,4.0,13,-,13,16,10,6,8,5,12.0,7,6,9,2.0,5,3,9.0,13,8,9,17.0,4,17.0,12.0,4,9,8,4,16
2022-06-05 00:22:00,5,4.0,4.0,14.0,2,2.0,16,-,14,17,10,3,8,2,8.0,5,4,6,5.0,7,4,9.0,7,6,18,12.0,4,19.0,10.0,8,13,7,2,10
2022-06-05 00:23:00,2,2.0,2.0,13.0,2,2.0,6,-,9,9,9,3,6,2,5.0,5,5,3,6.0,6,2,7.0,7,4,12,10.0,2,14.0,8.0,8,7,5,2,9
2022-06-05 00:24:00,4,2.0,5.0,12.0,2,2.0,5,-,7,13,9,5,6,2,11.0,4,5,5,5.0,4,2,6.0,6,6,10,6.0,5,14.0,6.0,6,5,6,2,8
2022-06-06 00:01:00,7,6.0,5.0,7.0,2,2.0,14,-,8,14,10,7,5,2,9.0,5,3,6,6.0,6,5,5.0,5,8,14,15.0,8,17.0,5.0,6,7,5,2,18
2022-06-06 00:02:00,6,9.0,8.0,8.0,3,2.0,20,-,17,14,15,9,11,5,9.0,6,4,9,6.0,10,9,14.0,7,12,13,11.0,10,18.0,5.0,8,12,7,4,13
2022-06-06 00:03:00,4,12.0,12.0,15.0,6,10.0,18,-,16,14,21,11,14,7,11.0,6,6,9,10.0,9,9,19.0,12,15,12,15.0,10,18.0,10.0,14,10,2,5,12
2022-06-06 00:04:00,9,7.0,9.0,10.0,6,6.0,14,-,8,18,20,7,7,5,7.0,4,10,5,8.0,6,7,9.0,13,10,8,10.0,11,17.0,8.0,7,8,2,5,12
2022-06-06 00:05:00,5,5.0,4.0,7.0,2,2.0,7,-,5,2,2,3,3,2,6.0,2,9,3,4.0,6,5,5.0,7,6,8,6.0,8,11.0,5.0,2,5,6,5,9
2022-06-06 00:06:00,2,8.0,2.0,3.0,3,2.0,4,-,3,3,3,3,6,2,5.0,2,5,2,4.0,5,2,3.0,2,2,4,2.0,3,11.0,3.0,2,5,5,6,13
2022-06-06 00:07:00,10,6.0,2.0,3.0,6,2.0,7,-,4,5,9,3,7,2,8.0,2,6,7,3.0,3,2,2.0,3,2,2,2.0,2,11.0,6.0,2,6,6,5,9
2022-06-06 00:08:00,9,7.0,7.0,8.0,7,2.0,9,-,6,5,8,7,6,2,7.0,6,8,11,6.0,10,2,6.0,10,5,8,10.0,2,12.0,6.0,6,6,16,6,8
2022-06-06 00:09:00,10,6.0,6.0,21.0,7,5.0,16,-,10,10,14,12,8,5,9.0,8,12,11,9.0,10,7,11.0,7,7,10,13.0,4,18.0,7.0,10,25,12,8,11
2022-06-06 00:10:00,8,16.0,7.0,19.0,8,11.0,8,-,9,8,14,8,8,5,15.0,11,14,17,9.0,12,8,7.0,12,7,10,9.0,8,17.0,15.0,13,12,15,11,17
2022-06-06 00:11:00,15,16.0,9.0,20.0,18,15.0,7,-,11,9,12,16,12,12,20.0,15,18,21,13.0,18,15,12.0,13,7,8,12.0,14,12.0,14.0,16,17,23,25,25
2022-06-06 00:12:00,12,11.0,9.0,24.0,13,12.0,14,-,11,15,15,17,16,29,10.0,10,15,28,16.0,19,20,19.0,17,9,10,17.0,16,22.0,10.0,19,18,25,15,19
2022-06-06 00:13:00,15,12.0,9.0,16.0,9,17.0,17,-,11,13,18,11,10,24,9.0,14,18,19,17.0,14,12,21.0,19,15,15,20.0,8,18.0,7.0,16,17,16,12,11
2022-06-06 00:14:00,11,8.0,9.0,11.0,9,7.0,16,-,13,11,20,11,13,23,14.0,11,18,18,15.0,16,15,15.0,12,13,14,13.0,12,19.0,10.0,11,11,15,11,17
2022-06-06 00:15:00,16,10.0,15.0,16.0,11,7.0,13,-,20,16,15,13,8,13,12.0,-,16,17,24.0,15,9,17.0,11,12,10,14.0,11,18.0,10.0,22,15,10,6,22
2022-06-06 00:16:00,15,9.0,15.0,16.0,11,14.0,11,-,21,18,30,20,15,54,11.0,-,14,14,13.0,23,20,27.0,21,17,14,23.0,17,23.0,17.0,28,26,35,5,38
2022-06-06 00:17:00,18,15.0,15.0,8.0,6,7.0,8,-,12,6,27,8,10,22,12.0,-,13,20,15.0,25,20,8.0,7,14,22,20.0,5,13.0,17.0,26,19,9,5,37
2022-06-06 00:18:00,13,7.0,6.0,4.0,7,2.0,9,-,9,7,10,7,8,6,9.0,-,9,5,8.0,9,7,4.0,6,7,4,6.0,7,11.0,16.0,9,8,7,6,11
2022-06-06 00:19:00,12,8.0,6.0,3.0,9,2.0,10,-,10,5,7,8,6,6,9.0,-,9,8,10.0,6,6,17.0,8,6,4,3.0,8,15.0,11.0,8,11,8,6,12
2022-06-06 00:20:00,8,8.0,5.0,5.0,9,2.0,9,-,7,8,4,7,14,8,14.0,-,9,11,6.0,3,5,5.0,11,6,7,10.0,8,14.0,7.0,6,9,14,5,9
2022-06-06 00:21:00,12,9.0,6.0,15.0,12,4.0,14,-,9,15,6,14,10,2,13.0,15,9,8,5.0,6,9,6.0,15,11,5,13.0,8,18.0,5.0,15,16,13,7,18
2022-06-06 00:22:00,8,6.0,9.0,14.0,12,9.0,7,-,10,9,15,18,15,13,9.0,10,11,14,11.0,12,13,13.0,14,11,7,18.0,12,14.0,8.0,16,20,17,8,25
2022-06-06 00:23:00,12,7.0,10.0,12.0,12,12.0,9,-,18,8,18,16,14,5,15.0,8,14,11,10.0,13,12,16.0,19,15,9,16.0,16,15.0,9.0,17,19,18,7,23
2022-06-06 00:24:00,11,5.0,7.0,11.0,6,11.0,11,-,11,10,7,7,9,5,10.0,3,7,10,15.0,12,12,16.0,10,6,10,6.0,9,15.0,9.0,11,8,9,5,24
2022-06-07 00:01:00,6,5.0,7.0,11.0,3,6.0,8,-,8,9,6,8,7,3,8.0,2,8,8,9.0,9,12,7.0,10,5,8,6.0,8,14.0,7.0,7,6,9,2,30
2022-06-07 00:02:00,3,3.0,5.0,11.0,10,5.0,5,-,8,7,16,12,8,4,11.0,3,8,7,10.0,20,12,8.0,12,4,8,5.0,10,11.0,5.0,11,7,9,3,28
2022-06-07 00:03:00,4,11.0,6.0,9.0,6,7.0,9,-,7,5,9,9,10,7,11.0,10,7,7,8.0,9,12,13.0,12,8,8,4.0,9,14.0,6.0,11,10,16,6,36
2022-06-07 00:04:00,6,8.0,7.0,6.0,7,6.0,7,-,10,9,8,8,9,8,6.0,6,8,9,8.0,11,13,12.0,6,6,5,9.0,10,12.0,5.0,11,10,8,4,38
2022-06-07 00:05:00,6,4.0,6.0,3.0,4,6.0,4,-,8,8,3,5,9,4,8.0,6,9,7,11.0,10,9,8.0,7,5,8,6.0,10,9.0,3.0,5,6,6,2,25
2022-06-07 00:06:00,10,6.0,7.0,3.0,5,5.0,6,-,3,7,2,5,9,2,9.0,6,8,9,8.0,8,6,7.0,6,6,5,3.0,8,11.0,12.0,15,4,4,2,35
2022-06-07 00:07:00,8,11.0,7.0,5.0,10,8.0,8,-,4,6,6,10,8,2,12.0,4,7,16,10.0,12,7,8.0,6,5,7,6.0,9,12.0,10.0,12,3,10,7,40
2022-06-07 00:08:00,10,11.0,3.0,10.0,7,12.0,10,-,7,7,9,16,6,2,6.0,7,7,10,10.0,9,6,9.0,7,4,10,9.0,11,11.0,10.0,9,11,17,7,31
2022-06-07 00:09:00,16,17.0,6.0,12.0,12,10.0,7,-,8,9,8,12,12,11,5.0,6,9,11,10.0,10,12,10.0,18,3,12,6.0,13,18.0,7.0,18,12,17,11,24
2022-06-07 00:10:00,13,15.0,16.0,10.0,18,8.0,22,-,9,7,8,11,11,11,12.0,11,13,14,12.0,7,13,8.0,12,6,10,12.0,14,22.0,12.0,18,19,14,11,21
2022-06-07 00:11:00,14,7.0,12.0,9.0,10,21.0,15,-,17,16,18,10,10,21,13.0,8,14,16,9.0,12,9,16.0,11,16,13,14.0,17,19.0,18.0,18,16,15,14,22
2022-06-07 00:12:00,17,6.0,12.0,9.0,10,15.0,14,-,19,17,17,14,16,24,12.0,8,14,17,14.0,12,18,19.0,11,18,15,20.0,19,20.0,13.0,23,17,19,10,31
2022-06-07 00:13:00,30,14.0,10.0,10.0,13,19.0,11,-,24,14,26,19,16,15,15.0,9,12,20,20.0,25,20,19.0,22,18,15,25.0,22,24.0,20.0,36,35,21,11,39
2022-06-07 00:14:00,19,16.0,20.0,15.0,11,24.0,18,-,18,10,24,17,20,18,19.0,11,17,22,17.0,23,23,19.0,22,14,12,19.0,13,21.0,22.0,29,24,22,11,35
2022-06-07 00:15:00,22,18.0,19.0,22.0,18,40.0,12,-,9,10,21,12,22,13,24.0,17,19,21,16.0,16,14,11.0,17,11,15,16.0,7,22.0,20.0,23,25,23,15,25
2022-06-07 00:16:00,16,20.0,22.0,16.0,14,17.0,16,-,19,8,12,14,11,8,19.0,16,18,21,17.0,15,13,10.0,14,9,10,11.0,-,18.0,23.0,25,17,16,22,25
2022-06-07 00:17:00,14,15.0,12.0,24.0,13,12.0,19,-,16,14,14,17,17,13,20.0,16,19,21,14.0,22,16,14.0,19,7,7,19.0,-,16.0,15.0,21,17,25,20,31
2022-06-07 00:18:00,16,24.0,14.0,14.0,18,16.0,11,-,17,14,15,15,18,13,23.0,14,21,24,17.0,21,17,13.0,16,18,7,15.0,14,19.0,16.0,19,20,19,27,27
2022-06-07 00:19:00,14,18.0,12.0,14.0,16,16.0,13,-,18,11,22,17,15,19,23.0,18,17,24,13.0,14,17,11.0,13,10,8,10.0,11,14.0,14.0,14,20,26,21,32
2022-06-07 00:20:00,22,18.0,18.0,18.0,19,13.0,14,-,14,17,10,17,14,9,16.0,18,18,21,14.0,15,14,14.0,21,11,10,18.0,15,15.0,13.0,14,20,26,19,27
2022-06-07 00:21:00,13,15.0,14.0,15.0,19,15.0,14,-,12,12,13,18,17,7,21.0,17,23,15,13.0,16,14,17.0,25,17,10,16.0,15,22.0,19.0,26,22,19,14,27
2022-06-07 00:22:00,11,12.0,19.0,15.0,13,15.0,14,-,15,10,16,16,20,10,18.0,20,25,14,10.0,14,15,14.0,22,7,10,11.0,11,20.0,14.0,17,19,22,17,26
2022-06-07 00:23:00,17,14.0,13.0,14.0,11,9.0,13,-,45,9,30,12,18,6,24.0,7,18,15,16.0,14,18,15.0,20,12,12,16.0,15,12.0,16.0,17,14,20,9,29
2022-06-07 00:24:00,15,10.0,16.0,16.0,8,12.0,19,-,11,11,12,12,12,6,14.0,10,13,12,10.0,14,19,11.0,13,10,8,7.0,8,15.0,22.0,11,18,16,9,25
2022-06-08 00:01:00,13,9.0,11.0,10.0,6,8.0,12,-,16,11,14,8,11,7,10.0,9,14,16,11.0,13,14,13.0,12,13,8,8.0,14,17.0,17.0,10,16,16,8,15
2022-06-08 00:02:00,10,8.0,10.0,10.0,6,6.0,8,-,9,6,11,11,16,8,8.0,6,11,12,14.0,9,8,12.0,8,12,11,11.0,8,10.0,14.0,8,10,12,5,11
2022-06-08 00:03:00,10,8.0,6.0,9.0,8,4.0,11,-,12,4,10,8,5,5,9.0,5,7,9,9.0,5,11,11.0,7,7,5,8.0,9,16.0,11.0,6,8,8,2,7
2022-06-08 00:04:00,8,9.0,6.0,11.0,6,3.0,14,-,13,12,9,8,9,2,9.0,5,9,8,13.0,9,12,13.0,6,9,9,9.0,9,20.0,7.0,9,12,8,3,12
2022-06-08 00:05:00,14,11.0,7.0,12.0,6,4.0,14,-,10,8,15,9,10,2,10.0,3,15,6,10.0,15,10,11.0,4,13,9,8.0,10,19.0,8.0,9,9,18,5,15
2022-06-08 00:06:00,12,12.0,14.0,12.0,6,8.0,11,-,17,15,19,10,9,2,13.0,6,13,10,15.0,16,20,11.0,12,20,17,17.0,10,24.0,14.0,8,10,9,4,12
2022-06-08 00:07:00,12,14.0,12.0,15.0,8,8.0,11,-,17,16,15,17,9,5,13.0,7,14,11,18.0,18,19,15.0,17,17,13,11.0,13,16.0,12.0,10,17,16,6,22
2022-06-08 00:08:00,17,16.0,13.0,16.0,6,13.0,20,-,17,13,15,16,10,8,13.0,14,17,15,14.0,22,16,13.0,10,18,13,17.0,9,26.0,14.0,10,18,26,10,20
2022-06-08 00:09:00,13,19.0,14.0,13.0,15,11.0,22,15,25,14,19,15,15,20,21.0,11,19,24,15.0,17,17,14.0,12,15,13,14.0,20,24.0,14.0,22,16,33,17,24
2022-06-08 00:10:00,19,21.0,12.0,18.0,10,17.0,12,15,22,15,25,12,20,18,17.0,16,22,21,18.0,18,20,18.0,19,18,18,20.0,23,29.0,21.0,27,24,22,26,27
2022-06-08 00:11:00,17,18.0,15.0,19.0,23,19.0,22,19,21,16,26,18,21,30,24.0,16,20,27,25.0,23,18,22.0,20,14,13,22.0,21,20.0,18.0,22,22,26,21,38
2022-06-08 00:12:00,19,18.0,22.0,16.0,20,15.0,18,25,22,19,23,19,18,19,24.0,24,15,21,29.0,19,22,17.0,20,19,17,23.0,17,25.0,20.0,26,24,25,27,36
2022-06-08 00:13:00,17,17.0,21.0,26.0,24,24.0,19,28,19,18,24,21,24,25,26.0,21,25,23,38.0,28,22,18.0,24,18,17,25.0,22,17.0,25.0,27,31,26,23,43
2022-06-08 00:14:00,21,27.0,22.0,33.0,23,29.0,17,28,18,18,25,26,26,20,27.0,22,29,26,43.0,31,32,21.0,27,17,15,25.0,19,20.0,23.0,28,25,26,19,52
2022-06-08 00:15:00,25,28.0,22.0,19.0,23,25.0,16,20,13,18,31,19,22,22,29.0,23,20,28,41.0,32,19,21.0,27,18,13,22.0,18,17.0,20.0,27,30,22,27,46
2022-06-08 00:16:00,20,20.0,24.0,22.0,17,21.0,18,19,18,11,25,13,21,15,21.0,17,23,29,26.0,-,19,13.0,23,15,12,17.0,17,21.0,21.0,27,22,22,20,40
2022-06-08 00:17:00,25,25.0,20.0,20.0,22,24.0,19,23,17,17,22,19,18,16,26.0,22,-,28,32.0,-,24,20.0,27,22,18,19.0,24,23.0,17.0,33,29,28,28,38
2022-06-08 00:18:00,21,29.0,26.0,22.0,27,27.0,17,21,20,17,28,19,25,15,27.0,22,-,35,36.0,33,26,20.0,24,15,17,25.0,19,25.0,23.0,26,26,28,23,42
2022-06-08 00:19:00,25,22.0,17.0,18.0,21,21.0,15,25,11,9,22,17,22,17,26.0,23,18,33,21.0,26,24,23.0,24,13,12,20.0,12,20.0,17.0,20,22,23,19,49
2022-06-08 00:20:00,16,24.0,24.0,18.0,20,14.0,17,17,18,13,21,16,21,17,25.0,27,19,22,21.0,26,24,14.0,23,11,13,20.0,13,19.0,21.0,27,22,24,14,51
2022-06-08 00:21:00,18,19.0,21.0,18.0,15,11.0,16,18,15,17,15,12,17,12,24.0,20,23,24,21.0,16,16,14.0,14,14,14,14.0,14,15.0,19.0,20,21,16,18,44
2022-06-08 00:22:00,18,16.0,23.0,15.0,16,8.0,18,16,14,11,13,15,12,7,21.0,19,15,15,15.0,17,13,13.0,23,15,10,16.0,13,21.0,15.0,12,17,14,14,30
2022-06-08 00:23:00,20,13.0,21.0,15.0,14,10.0,24,14,14,18,20,13,13,7,19.0,14,17,14,24.0,16,17,16.0,15,15,10,14.0,12,17.0,17.0,16,24,20,15,33
2022-06-08 00:24:00,20,18.0,18.0,12.0,11,13.0,14,15,20,14,17,13,11,7,21.0,18,23,16,15.0,13,15,16.0,16,14,10,15.0,17,18.0,27.0,14,16,17,19,33
2022-06-09 00:01:00,15,23.0,20.0,19.0,20,10.0,15,16,11,12,19,15,17,11,24.0,26,16,18,20.0,14,21,18.0,17,15,13,18.0,17,17.0,27.0,13,18,19,19,31
2022-06-09 00:02:00,17,22.0,24.0,24.0,20,15.0,17,24,23,11,16,18,26,7,40.0,24,21,27,23.0,17,18,21.0,21,15,10,15.0,17,19.0,24.0,26,21,27,20,42
2022-06-09 00:03:00,23,23.0,21.0,21.0,18,16.0,13,22,24,16,25,20,21,22,25.0,23,25,28,27.0,20,24,24.0,22,19,10,22.0,19,19.0,27.0,24,38,20,22,38
2022-06-09 00:04:00,30,16.0,27.0,20.0,15,18.0,14,16,22,24,29,19,21,7,24.0,15,22,24,25.0,21,22,20.0,23,23,18,23.0,16,20.0,32.0,22,19,15,20,42
2022-06-09 00:05:00,25,19.0,20.0,15.0,11,11.0,20,18,18,19,25,17,25,12,21.0,20,20,27,23.0,27,27,21.0,21,21,12,19.0,17,17.0,33.0,20,23,17,18,40
2022-06-09 00:06:00,20,18.0,24.0,16.0,14,10.0,23,18,21,15,24,16,19,6,26.0,12,20,32,23.0,26,21,20.0,18,19,18,15.0,20,19.0,29.0,19,19,19,18,45
2022-06-09 00:07:00,18,22.0,26.0,21.0,18,13.0,17,20,23,19,18,15,26,12,24.0,13,22,20,23.0,27,22,14.0,15,19,17,22.0,15,19.0,34.0,20,25,21,22,44
2022-06-09 00:08:00,35,19.0,26.0,20.0,18,14.0,28,16,21,21,22,18,21,21,28.0,17,23,25,27.0,27,27,19.0,22,21,13,21.0,19,20.0,28.0,25,23,26,24,45
2022-06-09 00:09:00,19,23.0,25.0,19.0,19,18.0,22,16,19,13,28,21,26,20,24.0,21,22,29,33.0,32,22,22.0,22,18,15,20.0,22,18.0,21.0,25,24,25,24,41
2022-06-09 00:10:00,25,23.0,28.0,20.0,10,17.0,14,19,10,10,22,21,22,20,26.0,21,27,30,33.0,26,27,18.0,22,14,4,18.0,22,19.0,25.0,23,17,30,20,51
2022-06-09 00:11:00,22,22.0,30.0,28.0,16,23.0,11,25,13,8,27,22,25,29,27.0,21,27,28,23.0,33,24,21.0,28,17,13,18.0,22,17.0,26.0,25,25,-,23,-
2022-06-09 00:12:00,20,16.0,28.0,15.0,13,16.0,18,22,17,13,28,18,24,14,25.0,19,32,26,18.0,35,20,28.0,20,17,17,17.0,17,26.0,22.0,18,30,-,27,-
2022-06-09 00:13:00,25,24.0,28.0,25.0,17,16.0,17,13,16,15,29,21,21,18,27.0,19,26,22,22.0,31,23,25.0,16,14,15,13.0,20,22.0,17.0,20,23,22,29,42
2022-06-09 00:14:00,17,22.0,25.0,21.0,13,15.0,11,19,10,10,17,21,12,9,21.0,12,27,20,18.0,22,20,24.0,24,11,10,11.0,15,12.0,19.0,15,18,22,25,35
2022-06-09 00:15:00,16,17.0,18.0,13.0,12,11.0,16,20,9,6,20,20,15,14,20.0,13,20,22,16.0,33,19,18.0,16,11,10,10.0,13,14.0,14.0,16,16,17,21,30
2022-06-09 00:16:00,12,13.0,20.0,20.0,10,18.0,21,14,14,8,26,11,10,10,18.0,12,20,24,19.0,30,13,13.0,15,8,8,14.0,15,19.0,12.0,19,22,24,17,23
2022-06-09 00:17:00,12,20.0,16.0,11.0,6,12.0,15,18,10,9,25,17,11,12,19.0,11,21,16,15.0,24,15,22.0,18,11,8,14.0,14,19.0,10.0,10,16,18,23,26
2022-06-09 00:18:00,12,14.0,16.0,12.0,6,23.0,12,15,12,9,24,15,15,2,17.0,15,18,22,16.0,25,15,13.0,13,9,8,10.0,12,17.0,9.0,22,24,19,17,19
2022-06-09 00:19:00,11,14.0,15.0,14.0,10,19.0,7,14,10,8,13,13,17,12,25.0,10,13,19,18.0,15,13,12.0,15,7,12,6.0,11,17.0,7.0,15,17,20,16,21
2022-06-09 00:20:00,10,19.0,15.0,13.0,8,17.0,6,12,13,7,12,15,18,9,23.0,16,12,15,13.0,11,22,14.0,15,9,5,17.0,11,10.0,9.0,10,19,13,16,21
2022-06-09 00:21:00,9,14.0,16.0,20.0,12,12.0,6,10,10,6,19,10,12,9,14.0,15,16,15,14.0,26,10,12.0,12,11,7,11.0,11,14.0,12.0,12,14,16,17,23
2022-06-09 00:22:00,11,14.0,14.0,14.0,10,10.0,9,13,9,6,11,9,11,7,22.0,16,17,15,12.0,12,14,13.0,13,11,5,12.0,13,16.0,10.0,16,19,13,17,23
2022-06-09 00:23:00,14,14.0,14.0,11.0,10,12.0,9,13,13,8,11,10,13,4,18.0,11,13,11,11.0,11,14,9.0,11,7,2,11.0,12,17.0,11.0,13,10,12,23,26
2022-06-09 00:24:00,14,12.0,13.0,7.0,12,8.0,8,17,8,11,10,10,12,7,17.0,9,18,11,11.0,8,13,10.0,14,12,2,8.0,9,16.0,13.0,9,12,13,14,31
2022-06-10 00:01:00,19,22.0,18.0,9.0,12,9.0,7,15,8,7,10,13,10,4,13.0,10,16,15,12.0,10,13,9.0,15,7,5,10.0,11,12.0,15.0,10,11,16,17,42
2022-06-10 00:02:00,10,21.0,17.0,15.0,14,10.0,14,13,10,2,11,13,21,2,9.0,13,18,8,9.0,12,6,11.0,15,5,3,7.0,12,13.0,7.0,10,8,14,14,48
2022-06-10 00:03:00,11,20.0,8.0,15.0,16,7.0,9,20,11,3,9,16,10,7,9.0,13,17,10,12.0,11,5,15.0,11,8,14,7.0,10,11.0,18.0,10,6,18,14,45
2022-06-10 00:04:00,19,23.0,23.0,20.0,15,13.0,6,19,7,11,16,13,11,6,16.0,13,19,10,9.0,10,7,15.0,16,11,5,10.0,17,9.0,24.0,14,18,16,19,30
2022-06-10 00:05:00,19,26.0,29.0,16.0,15,11.0,5,15,7,12,14,16,14,13,25.0,10,16,9,10.0,12,7,12.0,11,12,9,9.0,13,8.0,22.0,11,10,16,21,63
2022-06-10 00:06:00,16,27.0,30.0,21.0,7,11.0,6,16,9,9,13,19,14,2,19.0,9,12,16,9.0,32,6,11.0,17,13,8,7.0,14,11.0,29.0,14,9,13,21,59
2022-06-10 00:07:00,22,28.0,27.0,18.0,10,12.0,7,8,9,8,9,19,11,4,19.0,7,20,11,8.0,27,9,19.0,16,10,12,7.0,13,13.0,18.0,17,11,16,19,45
2022-06-10 00:08:00,15,28.0,26.0,12.0,14,12.0,15,13,14,14,9,20,16,9,20.0,10,17,16,13.0,30,8,16.0,15,9,9,37.0,14,11.0,27.0,17,12,25,23,37
2022-06-10 00:09:00,23,30.0,31.0,19.0,29,11.0,13,17,9,15,9,20,14,12,20.0,21,22,18,24.0,32,12,15.0,15,10,8,21.0,21,13.0,24.0,17,17,26,27,41
2022-06-10 00:10:00,17,25.0,29.0,15.0,7,7.0,26,32,10,7,19,21,14,14,26.0,15,27,21,26.0,24,12,21.0,13,6,5,13.0,17,17.0,18.0,16,17,19,22,27
2022-06-10 00:11:00,23,18.0,23.0,16.0,12,16.0,18,28,18,17,23,15,13,11,23.0,22,24,17,15.0,23,17,15.0,19,16,13,15.0,10,28.0,19.0,17,29,21,24,24
2022-06-10 00:12:00,21,23.0,13.0,23.0,17,16.0,17,18,14,13,28,18,16,12,19.0,15,25,14,24.0,29,25,23.0,22,10,22,24.0,18,21.0,14.0,22,24,19,21,19
2022-06-10 00:13:00,25,18.0,23.0,14.0,11,14.0,18,17,10,10,22,15,20,14,25.0,17,15,19,21.0,27,17,28.0,22,14,10,14.0,16,18.0,16.0,15,22,27,16,21
2022-06-10 00:14:00,13,19.0,20.0,15.0,11,10.0,12,16,-,7,27,17,20,28,24.0,17,31,20,19.0,24,20,21.0,15,13,9,14.0,8,12.0,10.0,17,15,22,24,27
2022-06-10 00:15:00,16,19.0,24.0,15.0,15,16.0,11,14,10,9,25,13,14,9,26.0,17,23,17,17.0,32,12,21.0,17,9,7,13.0,13,17.0,11.0,7,21,20,22,13
2022-06-10 00:16:00,12,21.0,20.0,14.0,15,13.0,13,12,11,6,22,14,12,7,21.0,24,27,28,22.0,27,14,20.0,12,9,10,15.0,23,14.0,14.0,13,20,21,23,27
2022-06-10 00:17:00,11,19.0,7.0,25.0,12,11.0,19,13,14,6,23,16,17,4,22.0,21,28,52,26.0,24,17,25.0,17,8,7,17.0,16,13.0,10.0,16,17,25,22,27
2022-06-10 00:18:00,7,19.0,7.0,14.0,14,18.0,6,20,16,8,18,12,15,16,25.0,21,26,35,22.0,20,22,9.0,19,12,10,20.0,14,15.0,12.0,21,22,20,17,23
2022-06-10 00:19:00,16,14.0,12.0,12.0,18,16.0,9,17,16,11,18,12,19,10,28.0,19,11,42,35.0,17,20,13.0,17,10,7,14.0,11,19.0,11.0,14,15,22,17,21
2022-06-10 00:20:00,11,11.0,13.0,16.0,17,13.0,18,18,17,13,20,14,19,17,24.0,18,17,23,33.0,22,16,17.0,17,10,9,16.0,14,18.0,12.0,14,27,22,12,22
2022-06-10 00:21:00,11,8.0,12.0,21.0,18,12.0,12,17,13,15,28,21,20,17,27.0,18,22,19,19.0,25,17,14.0,20,13,13,18.0,14,26.0,15.0,16,23,27,19,19
2022-06-10 00:22:00,9,18.0,19.0,16.0,14,17.0,18,24,15,7,21,15,18,15,25.0,14,23,19,26.0,19,19,11.0,20,12,8,12.0,16,17.0,12.0,19,23,22,13,25
2022-06-10 00:23:00,13,21.0,15.0,12.0,16,16.0,18,20,18,10,14,17,20,16,20.0,16,20,24,16.0,25,16,16.0,17,15,15,16.0,12,22.0,16.0,21,26,27,19,27
2022-06-10 00:24:00,18,21.0,16.0,21.0,10,13.0,17,19,16,12,20,17,24,9,28.0,24,15,18,20.0,16,22,21.0,20,15,8,20.0,13,17.0,15.0,17,24,23,16,59
2022-06-11 00:01:00,20,17.0,19.0,19.0,19,18.0,15,19,26,10,25,20,25,17,24.0,21,22,23,22.0,22,17,18.0,16,17,7,21.0,10,17.0,14.0,20,23,24,18,46
2022-06-11 00:02:00,30,19.0,35.0,21.0,18,11.0,19,19,22,10,21,19,21,14,22.0,20,20,18,19.0,24,17,20.0,20,14,8,16.0,17,17.0,29.0,28,23,21,23,42
2022-06-11 00:03:00,20,26.0,23.0,21.0,14,13.0,17,18,22,10,26,20,18,19,23.0,16,18,24,16.0,21,13,24.0,27,13,10,18.0,20,17.0,17.0,16,20,16,23,36
2022-06-11 00:04:00,14,27.0,25.0,20.0,17,16.0,15,19,16,26,25,16,17,14,26.0,14,22,21,19.0,19,22,25.0,20,20,10,22.0,23,14.0,23.0,22,22,18,23,48
2022-06-11 00:05:00,22,24.0,22.0,17.0,22,11.0,13,20,16,17,23,18,18,16,21.0,23,26,19,19.0,20,15,19.0,16,14,12,22.0,20,16.0,31.0,19,17,20,24,47
2022-06-11 00:06:00,25,21.0,27.0,18.0,17,14.0,14,19,18,12,24,20,20,10,21.0,18,27,35,24.0,21,16,19.0,25,21,15,17.0,19,19.0,38.0,16,19,14,20,53
2022-06-11 00:07:00,19,27.0,30.0,16.0,16,14.0,13,13,23,13,14,24,14,13,26.0,18,25,32,26.0,29,22,23.0,20,19,17,18.0,22,24.0,37.0,24,20,22,27,50
2022-06-11 00:08:00,21,36.0,27.0,28.0,24,17.0,30,18,25,22,23,20,29,7,31.0,21,26,24,33.0,22,21,20.0,24,22,15,23.0,24,37.0,25.0,29,18,20,30,43
2022-06-11 00:09:00,31,34.0,35.0,35.0,34,33.0,28,26,34,26,33,30,19,29,33.0,28,27,31,34.0,35,30,33.0,34,27,19,27.0,32,35.0,27.0,28,29,33,30,61
2022-06-11 00:10:00,34,38.0,45.0,33.0,39,25.0,27,34,35,27,50,34,33,37,38.0,32,40,34,41.0,42,34,36.0,43,35,24,31.0,33,35.0,36.0,45,40,40,38,59
2022-06-11 00:11:00,30,46.0,46.0,37.0,34,44.0,35,36,41,26,45,27,41,37,41.0,38,48,41,39.0,49,40,34.0,38,38,22,44.0,32,27.0,37.0,45,40,50,41,53
2022-06-11 00:12:00,42,40.0,54.0,37.0,29,35.0,27,29,26,21,41,30,50,37,39.0,34,35,45,35.0,44,37,33.0,39,24,17,26.0,33,29.0,42.0,33,36,49,36,56
2022-06-11 00:13:00,46,34.0,45.0,34.0,28,31.0,27,32,27,20,38,33,36,31,40.0,30,33,43,46.0,48,32,31.0,30,21,18,23.0,26,24.0,43.0,27,39,36,35,53
2022-06-11 00:14:00,33,34.0,31.0,32.0,27,18.0,19,24,23,14,32,16,19,17,25.0,32,32,30,29.0,26,25,19.0,26,21,10,33.0,21,25.0,33.0,28,21,20,30,44
2022-06-11 00:15:00,27,28.0,25.0,22.0,26,21.0,18,27,16,16,28,16,18,16,27.0,24,27,20,21.0,45,20,25.0,25,17,18,27.0,23,26.0,27.0,22,26,22,25,30
2022-06-11 00:16:00,24,31.0,24.0,21.0,20,29.0,27,21,21,19,31,23,21,20,30.0,25,28,27,26.0,55,26,26.0,28,18,18,24.0,22,25.0,24.0,26,26,31,25,37
2022-06-11 00:17:00,25,22.0,23.0,21.0,22,15.0,19,23,27,26,31,24,25,17,24.0,20,24,24,34.0,52,22,23.0,20,22,17,23.0,24,27.0,28.0,26,28,21,23,34
2022-06-11 00:18:00,26,21.0,27.0,22.0,18,16.0,21,15,27,21,39,27,22,20,23.0,19,21,21,32.0,24,26,25.0,25,24,17,27.0,16,26.0,26.0,29,25,23,18,40
2022-06-11 00:19:00,21,14.0,24.0,11.0,16,14.0,21,17,21,23,27,17,15,20,20.0,26,21,21,21.0,37,17,23.0,19,23,14,21.0,19,22.0,23.0,21,22,20,17,27
2022-06-11 00:20:00,22,12.0,24.0,16.0,19,20.0,17,16,19,19,28,18,21,19,20.0,20,19,21,27.0,23,23,19.0,17,16,17,18.0,18,25.0,23.0,19,23,30,16,29
2022-06-11 00:21:00,13,21.0,13.0,13.0,8,12.0,21,13,19,20,14,17,18,18,16.0,18,11,21,20.0,17,20,13.0,20,19,17,21.0,19,19.0,25.0,16,15,26,7,27
2022-06-11 00:22:00,16,21.0,21.0,14.0,6,10.0,18,14,16,14,11,14,16,8,14.0,17,14,13,15.0,13,9,15.0,22,16,13,10.0,14,25.0,14.0,13,17,20,19,19
2022-06-11 00:23:00,8,15.0,17.0,13.0,8,11.0,13,11,12,16,15,11,8,7,13.0,8,14,12,17.0,12,13,11.0,22,10,8,10.0,12,22.0,10.0,12,15,19,13,19
2022-06-11 00:24:00,10,17.0,16.0,17.0,9,9.0,11,15,11,8,9,11,15,7,15.0,15,8,11,14.0,10,13,12.0,13,11,8,14.0,10,18.0,11.0,10,21,15,10,19
2022-06-12 00:01:00,12,25.0,12.0,17.0,12,19.0,7,11,8,10,17,13,9,7,12.0,12,15,11,15.0,14,16,13.0,16,10,8,9.0,10,17.0,11.0,15,17,22,12,23
2022-06-12 00:02:00,14,14.0,14.0,10.0,15,10.0,12,10,11,17,17,14,21,7,19.0,11,15,15,14.0,46,13,9.0,20,12,9,13.0,12,14.0,15.0,13,14,17,11,23
2022-06-12 00:03:00,9,21.0,14.0,10.0,13,13.0,11,11,14,15,22,12,10,6,15.0,12,17,12,13.0,15,13,15.0,12,12,12,11.0,12,16.0,13.0,15,12,13,11,21
2022-06-12 00:04:00,13,20.0,18.0,15.0,12,20.0,13,12,10,12,16,13,13,4,13.0,12,18,13,15.0,8,13,9.0,11,12,12,10.0,10,14.0,17.0,15,16,15,15,20
2022-06-12 00:05:00,11,22.0,19.0,16.0,11,17.0,15,15,12,15,21,15,14,13,19.0,16,15,16,21.0,19,13,10.0,15,17,13,16.0,10,18.0,16.0,13,16,17,18,25
2022-06-12 00:06:00,15,20.0,17.0,18.0,10,10.0,16,13,19,14,24,13,18,6,20.0,9,19,16,22.0,42,19,17.0,16,12,17,19.0,10,19.0,18.0,13,14,16,17,27
2022-06-12 00:07:00,14,18.0,20.0,13.0,17,13.0,15,14,17,17,23,12,13,5,18.0,13,18,15,20.0,17,15,16.0,19,20,15,15.0,13,19.0,16.0,18,16,16,16,21
2022-06-12 00:08:00,17,21.0,23.0,17.0,21,13.0,18,18,18,19,34,13,17,14,16.0,16,20,20,20.0,17,16,18.0,15,19,13,17.0,16,22.0,20.0,19,18,17,21,29
2022-06-12 00:09:00,16,21.0,17.0,14.0,14,8.0,17,14,13,17,39,18,22,13,20.0,16,17,22,30.0,21,24,18.0,21,17,15,14.0,16,20.0,14.0,15,23,17,13,29
2022-06-12 00:10:00,18,19.0,16.0,17.0,15,17.0,19,18,22,24,26,17,20,12,21.0,13,9,17,31.0,23,22,26.0,21,22,18,18.0,23,26.0,21.0,22,25,22,14,29
2022-06-12 00:11:00,18,16.0,19.0,16.0,13,20.0,21,17,22,15,34,22,14,18,20.0,15,16,18,34.0,44,27,23.0,22,19,15,27.0,27,24.0,14.0,22,26,16,12,31
2022-06-12 00:12:00,22,16.0,22.0,30.0,21,18.0,26,23,26,25,36,25,24,26,21.0,20,21,26,44.0,29,26,39.0,26,19,20,24.0,22,25.0,23.0,27,31,28,10,40
2022-06-12 00:13:00,33,18.0,27.0,29.0,18,19.0,19,29,23,14,27,21,31,20,29.0,22,23,26,48.0,54,24,23.0,24,18,12,25.0,25,20.0,22.0,23,37,26,23,38
2022-06-12 00:14:00,30,23.0,23.0,21.0,18,14.0,15,20,20,21,25,15,25,21,32.0,27,25,31,47.0,30,23,23.0,28,17,24,24.0,20,27.0,21.0,24,27,25,21,48
2022-06-12 00:15:00,23,24.0,26.0,19.0,18,13.0,19,17,17,19,26,17,18,14,24.0,18,24,20,38.0,27,27,18.0,22,18,19,23.0,11,23.0,23.0,24,27,24,19,40
2022-06-12 00:16:00,19,20.0,31.0,23.0,20,17.0,16,18,19,17,26,29,15,15,28.0,17,22,23,28.0,27,25,23.0,20,17,15,25.0,16,18.0,21.0,25,28,18,16,40
2022-06-12 00:17:00,23,22.0,21.0,18.0,18,14.0,15,17,17,14,24,19,17,16,23.0,20,19,21,22.0,25,18,28.0,21,16,15,22.0,14,21.0,20.0,24,22,21,14,46
2022-06-12 00:18:00,23,19.0,24.0,16.0,18,15.0,16,23,18,15,19,20,18,6,27.0,20,25,24,24.0,51,19,18.0,16,16,13,23.0,13,25.0,20.0,16,25,23,20,39
2022-06-12 00:19:00,14,18.0,24.0,15.0,20,12.0,19,22,13,13,20,17,19,13,27.0,16,18,24,18.0,20,23,16.0,18,14,15,20.0,15,25.0,19.0,20,19,22,14,29
2022-06-12 00:20:00,10,22.0,22.0,13.0,16,10.0,16,17,17,11,19,17,16,15,24.0,25,18,15,24.0,18,13,14.0,16,14,10,16.0,17,19.0,17.0,16,20,25,21,37
2022-06-12 00:21:00,12,22.0,19.0,13.0,14,7.0,14,16,10,14,15,13,18,14,20.0,19,16,15,18.0,19,14,11.0,14,15,8,12.0,14,18.0,17.0,14,18,21,16,40
2022-06-12 00:22:00,11,18.0,12.0,13.0,15,9.0,14,13,11,16,11,13,14,7,30.0,17,16,12,18.0,16,15,11.0,12,7,13,11.0,12,16.0,15.0,18,18,14,8,33
2022-06-12 00:23:00,12,13.0,12.0,14.0,12,9.0,17,13,11,13,11,13,13,10,28.0,14,18,11,16.0,15,20,13.0,17,16,12,13.0,9,21.0,13.0,10,13,15,11,29
2022-06-12 00:24:00,14,15.0,14.0,16.0,13,10.0,15,10,18,13,14,14,9,6,17.0,18,17,13,15.0,13,15,17.0,12,13,14,12.0,14,19.0,12.0,14,18,19,8,27
2022-06-13 00:01:00,10,13.0,17.0,18.0,12,11.0,15,12,14,20,22,13,11,6,15.0,20,14,13,15.0,17,13,14.0,17,13,13,11.0,11,23.0,11.0,12,18,23,17,28
2022-06-13 00:02:00,20,19.0,23.0,13.0,18,13.0,15,15,18,14,20,14,18,5,19.0,19,19,18,16.0,13,17,13.0,17,18,13,20.0,11,21.0,20.0,15,18,19,18,27
2022-06-13 00:03:00,16,12.0,25.0,18.0,16,16.0,16,12,22,17,22,15,16,12,20.0,14,18,22,19.0,17,16,21.0,17,17,13,19.0,18,22.0,23.0,19,20,15,11,30
2022-06-13 00:04:00,14,13.0,16.0,14.0,8,11.0,14,12,18,12,22,15,17,12,19.0,16,15,16,23.0,12,17,18.0,20,15,15,27.0,20,18.0,21.0,18,17,14,7,29
2022-06-13 00:05:00,14,14.0,19.0,13.0,10,9.0,16,12,19,13,24,12,14,9,17.0,13,15,19,23.0,24,20,15.0,16,14,8,24.0,17,17.0,21.0,19,21,13,8,31
2022-06-13 00:06:00,12,13.0,18.0,11.0,11,12.0,18,17,21,15,22,12,8,7,15.0,18,22,18,18.0,19,17,17.0,18,16,15,20.0,12,17.0,17.0,16,13,12,17,23
2022-06-13 00:07:00,17,13.0,21.0,20.0,13,12.0,15,18,13,13,21,14,17,3,23.0,12,17,22,17.0,13,24,19.0,16,9,12,16.0,15,21.0,18.0,14,21,17,15,30
2022-06-13 00:08:00,18,18.0,21.0,18.0,13,18.0,18,19,14,12,18,12,23,13,23.0,23,18,21,23.0,15,22,15.0,17,21,12,19.0,16,21.0,19.0,16,19,24,20,30
2022-06-13 00:09:00,18,19.0,18.0,16.0,16,17.0,21,22,18,16,21,18,18,6,24.0,17,17,20,22.0,23,17,15.0,15,18,10,17.0,16,20.0,24.0,15,16,22,19,36
2022-06-13 00:10:00,18,25.0,17.0,18.0,14,18.0,15,19,18,13,19,17,19,7,24.0,16,19,23,20.0,22,18,13.0,21,15,13,19.0,14,17.0,20.0,20,19,22,22,38
2022-06-13 00:11:00,25,22.0,23.0,18.0,17,22.0,18,22,23,16,21,21,19,8,22.0,19,16,25,19.0,30,15,21.0,20,13,12,22.0,16,18.0,26.0,20,20,23,17,31
2022-06-13 00:12:00,29,27.0,25.0,20.0,18,20.0,20,17,22,13,18,19,21,15,21.0,22,28,22,19.0,32,23,10.0,23,16,12,24.0,16,22.0,22.0,20,21,22,23,31
2022-06-13 00:13:00,22,19.0,27.0,17.0,17,22.0,20,15,16,11,24,19,23,14,25.0,15,22,22,27.0,29,15,19.0,24,17,12,19.0,16,17.0,23.0,24,19,26,21,31
2022-06-13 00:14:00,21,16.0,30.0,18.0,19,23.0,16,16,18,16,31,18,30,26,27.0,18,31,24,26.0,20,26,20.0,24,15,15,21.0,20,26.0,19.0,21,27,26,23,30
2022-06-13 00:15:00,22,22.0,27.0,21.0,20,17.0,24,19,21,16,29,21,24,23,22.0,16,26,34,27.0,35,23,20.0,24,19,15,24.0,23,18.0,23.0,31,22,26,16,32
2022-06-13 00:16:00,24,23.0,24.0,16.0,16,20.0,21,17,22,13,25,18,21,19,24.0,18,18,27,27.0,37,26,23.0,27,17,14,28.0,24,25.0,20.0,27,26,24,22,33
2022-06-13 00:17:00,25,25.0,25.0,21.0,19,15.0,24,9,19,17,26,19,23,23,22.0,13,19,30,20.0,31,22,23.0,29,21,17,24.0,23,27.0,23.0,20,29,30,26,36
2022-06-13 00:18:00,19,22.0,23.0,21.0,19,22.0,25,17,22,20,28,24,31,18,33.0,17,23,30,28.0,39,23,22.0,25,21,15,28.0,20,20.0,25.0,31,25,23,21,41
2022-06-13 00:19:00,22,27.0,20.0,32.0,22,23.0,31,23,22,19,37,27,26,31,29.0,22,27,22,28.0,24,25,21.0,35,24,18,21.0,24,27.0,26.0,25,23,25,26,34
2022-06-13 00:20:00,26,29.0,26.0,28.0,27,16.0,30,28,23,24,39,21,23,28,29.0,32,26,26,29.0,26,25,26.0,30,24,22,23.0,27,31.0,27.0,24,27,29,27,37
2022-06-13 00:21:00,27,29.0,23.0,27.0,22,17.0,29,24,26,24,31,22,22,18,40.0,35,28,26,26.0,25,25,27.0,31,23,18,27.0,25,30.0,32.0,26,29,26,27,37
2022-06-13 00:22:00,22,25.0,26.0,28.0,21,21.0,25,22,23,20,34,23,23,26,27.0,25,24,25,28.0,27,27,24.0,26,27,20,21.0,21,29.0,27.0,27,29,27,24,38
2022-06-13 00:23:00,27,22.0,29.0,28.0,22,19.0,30,20,24,24,36,25,29,21,27.0,22,22,25,27.0,20,24,28.0,30,27,19,24.0,20,32.0,27.0,25,30,31,27,35
2022-06-13 00:24:00,29,20.0,22.0,23.0,18,26.0,24,18,22,33,36,21,24,17,28.0,18,27,24,25.0,24,27,26.0,29,21,19,21.0,18,32.0,22.0,28,23,30,20,34
2022-06-14 00:01:00,22,15.0,26.0,19.0,21,15.0,23,19,18,22,33,17,16,15,23.0,17,19,21,23.0,21,26,20.0,27,17,19,19.0,18,27.0,23.0,23,25,21,18,26
2022-06-14 00:02:00,16,15.0,15.0,18.0,12,12.0,20,11,24,17,29,16,24,18,14.0,12,17,10,20.0,19,23,19.0,16,20,20,13.0,18,20.0,16.0,32,19,18,9,23
2022-06-14 00:03:00,12,11.0,14.0,13.0,12,13.0,9,10,10,9,16,17,15,7,10.0,9,13,16,13.0,14,14,9.0,13,9,15,11.0,10,15.0,13.0,12,18,12,9,14
2022-06-14 00:04:00,10,11.0,11.0,15.0,9,8.0,15,9,13,14,18,9,11,5,9.0,7,9,12,12.0,11,10,15.0,13,6,13,11.0,9,17.0,14.0,13,15,14,6,18
2022-06-14 00:05:00,10,9.0,11.0,10.0,7,4.0,13,19,11,10,14,12,7,2,9.0,5,8,10,8.0,13,8,10.0,12,10,8,8.0,9,17.0,10.0,11,6,10,7,14
2022-06-14 00:06:00,9,7.0,7.0,11.0,6,3.0,16,11,9,10,8,10,10,2,11.0,8,8,7,6.0,9,5,10.0,11,7,17,13.0,6,18.0,13.0,7,5,12,7,18
2022-06-14 00:07:00,10,13.0,7.0,13.0,10,7.0,17,14,8,9,10,10,11,2,12.0,7,14,11,6.0,10,9,10.0,11,8,12,12.0,7,16.0,13.0,5,9,16,8,22
2022-06-14 00:08:00,14,15.0,10.0,11.0,7,6.0,12,12,8,8,10,11,9,4,13.0,6,10,13,6.0,6,7,8.0,11,7,15,7.0,6,13.0,21.0,5,8,17,6,18
2022-06-14 00:09:00,19,11.0,9.0,8.0,6,4.0,9,12,10,7,10,9,6,4,10.0,4,9,10,7.0,6,5,6.0,9,6,13,5.0,5,16.0,13.0,9,6,9,4,14
2022-06-14 00:10:00,11,6.0,9.0,9.0,7,4.0,16,10,9,10,12,6,6,2,13.0,5,8,12,8.0,12,10,6.0,11,10,15,8.0,5,17.0,11.0,10,6,10,9,13
2022-06-14 00:11:00,16,10.0,6.0,15.0,6,7.0,19,10,10,10,10,8,15,10,15.0,6,6,15,8.0,15,15,11.0,13,8,8,8.0,6,16.0,12.0,7,11,11,12,18
2022-06-14 00:12:00,12,8.0,9.0,10.0,9,6.0,11,9,11,11,13,13,11,2,11.0,4,9,15,10.0,12,13,10.0,11,10,13,9.0,8,17.0,13.0,5,10,10,13,14
2022-06-14 00:13:00,13,9.0,9.0,11.0,6,4.0,18,13,8,10,16,10,10,2,10.0,5,10,14,8.0,14,8,8.0,10,7,10,15.0,7,16.0,15.0,9,6,11,12,13
2022-06-14 00:14:00,14,15.0,8.0,10.0,5,3.0,10,10,10,9,12,11,13,10,7.0,6,7,12,14.0,11,13,11.0,11,6,10,5.0,8,17.0,8.0,10,10,12,6,16
2022-06-14 00:15:00,13,9.0,9.0,10.0,5,7.0,14,7,10,8,19,13,10,10,13.0,4,15,12,14.0,13,11,10.0,11,8,14,11.0,9,12.0,6.0,13,16,12,6,7
2022-06-14 00:16:00,10,8.0,8.0,9.0,3,6.0,11,7,9,7,10,9,11,35,9.0,2,10,17,13.0,14,9,12.0,14,11,8,9.0,7,16.0,13.0,11,9,10,5,10
2022-06-14 00:17:00,8,6.0,5.0,6.0,2,4.0,10,6,6,7,9,5,7,3,8.0,7,8,18,9.0,12,8,7.0,9,7,5,7.0,5,13.0,7.0,7,7,7,2,9
2022-06-14 00:18:00,10,6.0,2.0,3.0,2,2.0,5,2,6,5,7,4,4,2,12.0,4,8,14,10.0,18,4,3.0,6,6,4,4.0,3,13.0,7.0,7,6,5,2,8
2022-06-14 00:19:00,8,6.0,2.0,2.0,3,2.0,3,2,11,3,5,3,2,2,8.0,5,8,17,11.0,15,2,2.0,3,4,2,3.0,2,9.0,5.0,5,4,6,5,8
2022-06-14 00:20:00,7,4.0,2.0,3.0,4,2.0,2,7,7,2,5,6,2,2,9.0,6,9,16,9.0,11,2,5.0,4,5,2,5.0,2,9.0,6.0,8,7,9,3,7
2022-06-14 00:21:00,7,3.0,2.0,8.0,6,4.0,2,5,3,4,4,6,5,2,13.0,7,8,9,8.0,19,3,4.0,6,4,3,4.0,4,7.0,10.0,9,13,9,2,10
2022-06-14 00:22:00,9,4.0,3.0,6.0,6,2.0,3,7,5,4,5,4,4,2,10.0,7,6,12,5.0,18,2,6.0,6,3,2,2.0,3,7.0,7.0,5,9,7,2,9
2022-06-14 00:23:00,7,4.0,3.0,4.0,4,2.0,4,6,7,2,8,5,3,-,12.0,6,6,10,5.0,6,6,5.0,6,5,2,4.0,2,8.0,6.0,5,4,10,3,10
2022-06-14 00:24:00,6,2.0,4.0,7.0,4,2.0,6,5,7,2,7,6,2,-,7.0,6,4,6,7.0,16,7,4.0,4,3,2,3.0,3,8.0,5.0,6,6,9,2,11
2022-06-15 00:01:00,9,3.0,4.0,4.0,3,2.0,6,6,4,3,5,4,3,-,12.0,3,8,6,7.0,18,5,8.0,5,2,2,3.0,5,8.0,6.0,5,8,7,2,10
2022-06-15 00:02:00,11,6.0,2.0,3.0,4,2.0,6,6,7,2,5,3,6,-,10.0,2,8,6,7.0,12,3,6.0,4,3,2,4.0,6,11.0,5.0,6,4,7,2,8
2022-06-15 00:03:00,10,7.0,2.0,7.0,6,4.0,5,6,5,2,4,6,8,-,15.0,5,6,13,9.0,8,3,7.0,6,4,-,5.0,5,8.0,5.0,7,3,6,3,15
2022-06-15 00:04:00,8,6.0,6.0,6.0,6,2.0,2,4,3,2,2,7,6,-,6.0,7,4,10,12.0,22,5,6.0,7,6,3,9.0,6,13.0,6.0,6,10,5,2,11
2022-06-15 00:05:00,7,7.0,6.0,5.0,6,2.0,4,6,8,2,4,7,9,26,6.0,6,8,8,8.0,10,6,7.0,5,6,3,9.0,5,11.0,5.0,7,7,7,3,12
2022-06-15 00:06:00,7,6.0,7.0,7.0,5,4.0,8,10,7,2,5,6,6,2,14.0,3,7,14,7.0,14,8,7.0,3,5,2,9.0,5,12.0,7.0,7,6,8,4,15
2022-06-15 00:07:00,9,9.0,8.0,8.0,7,4.0,10,9,6,3,4,10,9,2,9.0,4,7,16,7.0,12,9,5.0,6,5,2,7.0,7,12.0,11.0,7,5,10,3,14
2022-06-15 00:08:00,12,7.0,7.0,11.0,8,6.0,6,10,12,4,15,13,12,2,9.0,5,10,18,9.0,10,6,4.0,10,5,4,6.0,7,9.0,8.0,7,10,11,6,12
2022-06-15 00:09:00,15,11.0,6.0,11.0,9,8.0,5,12,14,3,10,8,15,3,10.0,5,8,19,9.0,11,6,8.0,13,7,8,8.0,6,18.0,6.0,12,15,14,8,-
2022-06-15 00:10:00,7,6.0,10.0,11.0,11,9.0,8,16,15,15,14,9,15,7,17.0,7,17,19,17.0,13,9,9.0,14,12,10,12.0,7,11.0,10.0,18,14,17,7,-
2022-06-15 00:11:00,16,7.0,10.0,13.0,11,14.0,7,13,27,12,18,19,21,16,17.0,13,23,30,14.0,16,13,12.0,16,13,8,20.0,10,22.0,9.0,25,13,21,15,42
2022-06-15 00:12:00,7,10.0,11.0,20.0,11,14.0,13,10,24,14,20,19,23,10,16.0,9,18,36,19.0,14,22,18.0,17,11,10,21.0,19,22.0,15.0,30,16,28,17,-
2022-06-15 00:13:00,17,14.0,13.0,15.0,6,13.0,19,16,16,8,24,17,18,10,20.0,8,20,31,20.0,80,15,20.0,16,9,7,23.0,16,16.0,15.0,20,14,26,22,-
2022-06-15 00:14:00,18,13.0,9.0,21.0,8,13.0,18,11,11,5,24,13,8,17,15.0,11,14,21,22.0,12,13,16.0,19,7,3,16.0,12,14.0,9.0,19,14,27,9,-
2022-06-15 00:15:00,12,21.0,10.0,18.0,15,17.0,16,15,24,10,27,17,14,11,19.0,15,21,55,20.0,16,21,17.0,20,7,2,21.0,21,17.0,17.0,24,20,21,19,-
2022-06-15 00:16:00,21,8.0,14.0,16.0,16,17.0,13,16,19,17,22,18,12,26,21.0,14,19,22,18.0,37,19,15.0,20,7,5,13.0,15,15.0,18.0,23,22,25,19,23
2022-06-15 00:17:00,23,17.0,12.0,28.0,18,18.0,15,20,17,7,23,17,16,27,21.0,18,22,35,23.0,97,18,17.0,23,8,12,16.0,14,13.0,17.0,26,28,27,15,27
2022-06-15 00:18:00,22,19.0,11.0,18.0,16,17.0,19,18,21,7,19,13,16,15,20.0,16,10,35,17.0,21,24,20.0,19,7,9,16.0,14,22.0,15.0,19,17,21,20,28
2022-06-15 00:19:00,21,13.0,9.0,23.0,17,16.0,17,15,21,13,17,13,11,8,20.0,17,21,26,22.0,22,19,12.0,20,11,10,9.0,11,19.0,22.0,15,16,24,11,31
2022-06-15 00:20:00,20,16.0,13.0,24.0,19,18.0,16,17,23,10,18,14,20,21,16.0,13,18,19,21.0,23,13,11.0,17,10,10,13.0,15,21.0,20.0,12,23,26,14,33
2022-06-15 00:21:00,23,17.0,15.0,23.0,16,16.0,19,21,23,11,21,18,21,20,27.0,17,22,21,23.0,18,20,15.0,19,8,7,13.0,15,25.0,27.0,20,19,24,13,27
2022-06-15 00:22:00,27,20.0,21.0,26.0,17,15.0,17,24,25,15,27,22,25,14,20.0,15,20,22,16.0,31,19,13.0,23,9,10,16.0,18,22.0,27.0,19,24,17,21,32
2022-06-15 00:23:00,25,19.0,22.0,26.0,21,19.0,21,27,27,19,33,22,27,26,24.0,15,24,25,27.0,23,26,27.0,24,10,10,21.0,19,29.0,29.0,34,31,25,21,39
2022-06-15 00:24:00,30,28.0,27.0,30.0,26,19.0,26,30,29,20,36,25,26,16,30.0,23,32,33,33.0,25,33,24.0,27,24,18,27.0,20,22.0,24.0,39,29,28,26,39
2022-06-16 00:01:00,36,30.0,31.0,34.0,35,28.0,29,29,37,27,52,28,32,25,40.0,27,32,35,36.0,31,33,31.0,30,21,22,29.0,28,35.0,26.0,32,37,35,27,49
2022-06-16 00:02:00,44,35.0,39.0,36.0,30,28.0,31,37,34,28,57,35,41,39,37.0,27,38,41,42.0,40,44,36.0,32,26,24,35.0,28,33.0,39.0,40,36,40,29,50
2022-06-16 00:03:00,49,41.0,33.0,40.0,35,34.0,36,38,38,34,55,37,37,30,42.0,32,40,39,42.0,50,50,35.0,39,30,33,41.0,34,39.0,36.0,32,42,42,29,60
2022-06-16 00:04:00,39,44.0,38.0,45.0,41,39.0,36,42,37,39,61,34,38,36,40.0,37,42,39,42.0,42,43,36.0,34,31,25,43.0,37,43.0,41.0,41,42,42,32,60
2022-06-16 00:05:00,45,46.0,39.0,41.0,35,36.0,39,44,38,32,63,39,39,37,43.0,36,36,46,42.0,35,47,37.0,39,36,28,35.0,36,44.0,38.0,40,39,40,36,62
2022-06-16 00:06:00,49,44.0,44.0,36.0,37,39.0,41,45,41,36,60,40,45,44,50.0,37,45,60,40.0,40,55,41.0,41,37,28,47.0,34,44.0,39.0,46,42,45,48,59
2022-06-16 00:07:00,57,48.0,45.0,44.0,37,40.0,39,45,41,40,63,39,39,35,57.0,37,53,58,43.0,42,56,40.0,43,41,35,44.0,33,43.0,42.0,44,44,46,52,60
2022-06-16 00:08:00,50,47.0,45.0,43.0,35,41.0,38,42,46,43,65,44,46,41,46.0,41,48,65,43.0,41,52,37.0,39,37,31,44.0,40,46.0,36.0,46,47,61,41,58
2022-06-16 00:09:00,42,39.0,44.0,44.0,39,45.0,40,42,50,41,59,37,41,34,45.0,39,48,56,43.0,43,48,45.0,45,42,29,46.0,41,49.0,38.0,50,49,53,42,61
2022-06-16 00:10:00,44,32.0,44.0,38.0,40,38.0,43,39,48,44,53,37,45,37,41.0,33,40,70,48.0,37,49,43.0,39,42,35,55.0,41,48.0,39.0,48,47,45,41,60
2022-06-16 00:11:00,46,37.0,47.0,40.0,35,33.0,39,34,48,47,55,40,49,39,47.0,36,44,78,50.0,45,52,43.0,48,40,30,48.0,41,51.0,35.0,52,48,48,41,56
2022-06-16 00:12:00,53,38.0,42.0,43.0,36,43.0,41,30,51,36,52,44,44,45,49.0,37,45,72,44.0,69,48,47.0,47,41,34,56.0,43,44.0,37.0,56,40,50,41,58
2022-06-16 00:13:00,51,40.0,53.0,43.0,39,31.0,42,34,46,42,57,44,42,47,48.0,38,44,52,45.0,41,46,55.0,44,44,35,54.0,37,41.0,40.0,56,52,48,42,48
2022-06-16 00:14:00,42,37.0,95.0,47.0,39,42.0,43,36,41,33,48,44,41,51,43.0,39,44,62,43.0,41,43,47.0,38,40,34,48.0,43,48.0,37.0,49,38,49,37,59
2022-06-16 00:15:00,41,33.0,42.0,47.0,41,42.0,43,29,51,42,62,40,37,39,48.0,38,42,56,44.0,107,43,55.0,44,43,35,51.0,45,50.0,42.0,48,49,50,42,63
2022-06-16 00:16:00,55,40.0,39.0,39.0,38,34.0,50,27,42,43,56,41,45,45,47.0,41,49,51,49.0,43,59,43.0,37,38,37,46.0,47,43.0,34.0,101,50,51,38,64
2022-06-16 00:17:00,53,38.0,40.0,49.0,30,38.0,46,29,45,41,62,41,34,54,42.0,33,45,61,46.0,45,53,42.0,46,43,39,47.0,41,50.0,32.0,111,49,54,45,63
2022-06-16 00:18:00,50,48.0,45.0,38.0,39,39.0,44,38,47,42,55,44,30,53,37.0,40,51,56,53.0,82,62,44.0,47,45,40,45.0,38,49.0,29.0,48,52,60,49,62
2022-06-16 00:19:00,35,47.0,40.0,41.0,43,39.0,41,35,42,43,66,39,32,53,38.0,40,46,44,45.0,119,45,46.0,40,42,40,41.0,36,48.0,31.0,51,52,54,49,43
2022-06-16 00:20:00,45,37.0,38.0,39.0,39,35.0,40,34,46,33,19,39,36,49,43.0,34,40,39,39.0,33,50,49.0,42,38,35,40.0,37,50.0,35.0,37,42,55,40,46
2022-06-16 00:21:00,47,34.0,37.0,40.0,30,34.0,38,34,39,36,39,38,39,42,36.0,35,41,35,34.0,31,44,47.0,35,28,30,41.0,43,41.0,33.0,39,42,49,43,42
2022-06-16 00:22:00,39,29.0,36.0,35.0,31,27.0,37,34,42,31,33,31,32,32,34.0,31,34,43,36.0,38,35,45.0,31,29,34,40.0,41,45.0,29.0,38,42,41,32,42
2022-06-16 00:23:00,67,29.0,34.0,27.0,29,35.0,36,30,35,30,31,29,30,21,30.0,33,32,36,34.0,28,31,46.0,29,28,34,30.0,38,41.0,27.0,32,31,30,29,38
2022-06-16 00:24:00,40,31.0,32.0,33.0,32,27.0,33,32,35,31,48,32,27,37,35.0,25,34,28,31.0,35,37,40.0,29,26,33,30.0,32,39.0,38.0,39,39,30,32,39
2022-06-17 00:01:00,47,36.0,33.0,36.0,29,31.0,26,29,40,34,55,37,33,41,38.0,32,35,42,37.0,29,38,36.0,37,35,28,37.0,34,35.0,31.0,41,36,25,34,47
2022-06-17 00:02:00,40,32.0,41.0,40.0,33,29.0,33,29,39,31,51,36,36,44,33.0,24,34,44,30.0,34,32,32.0,32,28,28,26.0,28,40.0,34.0,34,43,42,35,48
2022-06-17 00:03:00,41,30.0,33.0,29.0,27,36.0,26,29,34,31,38,23,33,38,33.0,31,33,42,33.0,41,31,33.0,31,35,29,31.0,29,35.0,35.0,34,25,27,26,50
2022-06-17 00:04:00,30,36.0,32.0,25.0,25,73.0,27,23,30,29,35,30,34,26,36.0,28,32,37,30.0,35,23,28.0,31,35,33,33.0,29,41.0,34.0,36,35,24,29,47
2022-06-17 00:05:00,36,38.0,35.0,29.0,23,26.0,25,26,35,29,32,32,35,42,34.0,29,35,45,38.0,39,35,29.0,27,37,33,32.0,27,30.0,30.0,44,37,30,27,61
2022-06-17 00:06:00,46,34.0,36.0,27.0,28,38.0,33,25,35,32,51,30,45,37,33.0,28,36,41,35.0,47,34,39.0,35,43,34,34.0,30,35.0,31.0,41,38,29,33,49
2022-06-17 00:07:00,48,36.0,36.0,31.0,29,23.0,26,22,38,34,54,30,40,41,43.0,28,34,44,34.0,47,34,32.0,33,37,30,34.0,33,33.0,36.0,45,51,30,38,49
2022-06-17 00:08:00,35,39.0,40.0,30.0,30,32.0,31,27,38,37,50,38,34,36,41.0,24,40,47,37.0,48,34,39.0,34,38,33,39.0,31,39.0,30.0,42,45,36,39,46
2022-06-17 00:09:00,32,34.0,30.0,37.0,36,39.0,34,27,39,35,46,40,32,31,36.0,32,40,57,32.0,40,30,40.0,38,34,29,34.0,36,36.0,30.0,43,35,46,32,42
2022-06-17 00:10:00,38,31.0,33.0,36.0,30,31.0,33,27,41,35,33,35,38,23,31.0,36,40,52,35.0,35,34,36.0,35,35,35,36.0,30,40.0,27.0,37,36,34,34,36
2022-06-17 00:11:00,27,25.0,33.0,33.0,27,35.0,33,27,35,30,47,34,33,36,30.0,29,37,37,39.0,60,34,41.0,39,20,25,36.0,36,30.0,25.0,36,32,33,29,34
2022-06-17 00:12:00,28,27.0,29.0,32.0,29,31.0,33,32,28,21,39,37,29,33,31.0,33,40,48,35.0,25,-,37.0,41,12,18,28.0,32,29.0,21.0,31,32,45,34,30
2022-06-17 00:13:00,29,27.0,16.0,37.0,27,28.0,33,33,19,18,33,29,28,28,27.0,25,30,28,21.0,25,-,35.0,31,12,19,25.0,27,24.0,24.0,33,31,40,26,34
2022-06-17 00:14:00,27,23.0,21.0,28.0,28,30.0,21,29,26,13,35,27,27,26,34.0,22,24,40,27.0,18,23,37.0,29,15,12,15.0,17,21.0,16.0,20,24,41,18,33
2022-06-17 00:15:00,29,23.0,22.0,27.0,31,21.0,20,28,23,16,31,22,27,21,27.0,25,31,43,22.0,-,25,27.0,22,12,17,25.0,13,25.0,21.0,29,24,30,17,28
2022-06-17 00:16:00,25,19.0,22.0,30.0,22,22.0,18,26,20,15,26,23,23,27,22.0,22,23,45,21.0,20,30,27.0,22,12,8,18.0,18,21.0,19.0,26,19,29,18,33
2022-06-17 00:17:00,19,13.0,20.0,25.0,26,14.0,23,20,20,10,29,17,14,20,27.0,22,31,37,17.0,14,15,19.0,25,10,17,13.0,19,18.0,21.0,24,26,25,12,25
2022-06-17 00:18:00,20,14.0,13.0,16.0,20,14.0,11,20,18,10,38,11,16,14,18.0,12,17,28,22.0,20,20,18.0,20,9,10,16.0,10,20.0,18.0,30,22,26,8,27
2022-06-17 00:19:00,25,16.0,12.0,22.0,17,13.0,9,15,18,10,20,17,13,30,20.0,11,25,23,21.0,43,25,15.0,15,10,12,14.0,7,15.0,22.0,19,30,24,20,21
2022-06-17 00:20:00,19,15.0,11.0,21.0,18,11.0,15,14,13,6,2,15,18,11,21.0,15,18,14,17.0,73,20,19.0,15,10,16,16.0,7,17.0,9.0,16,12,27,12,21
2022-06-17 00:21:00,23,12.0,18.0,22.0,18,11.0,12,19,17,8,3,19,13,13,23.0,14,19,14,17.0,18,19,15.0,16,7,11,12.0,9,15.0,21.0,14,10,20,12,19
2022-06-17 00:22:00,21,12.0,13.0,15.0,9,12.0,16,17,22,16,9,13,21,12,23.0,12,17,21,16.0,22,16,14.0,17,9,10,21.0,12,22.0,14.0,13,9,17,13,20
2022-06-17 00:23:00,17,14.0,11.0,10.0,8,10.0,7,15,12,7,11,12,16,11,17.0,14,14,17,16.0,15,16,9.0,10,13,8,18.0,9,22.0,20.0,10,6,16,11,11
2022-06-17 00:24:00,15,10.0,10.0,9.0,8,4.0,10,8,16,8,12,13,10,11,11.0,8,10,15,13.0,18,8,10.0,12,11,7,13.0,6,11.0,10.0,9,9,14,6,22
2022-06-18 00:01:00,13,6.0,13.0,7.0,5,2.0,10,10,13,6,11,9,11,10,8.0,6,8,11,9.0,20,8,9.0,10,7,10,9.0,7,12.0,10.0,5,6,9,3,25
2022-06-18 00:02:00,10,3.0,9.0,4.0,5,2.0,11,9,8,6,10,6,11,9,8.0,7,10,13,11.0,8,11,8.0,6,8,7,6.0,6,11.0,14.0,10,9,8,4,18
2022-06-18 00:03:00,24,9.0,8.0,4.0,5,2.0,6,10,8,3,9,4,10,5,10.0,6,7,9,10.0,17,9,7.0,6,5,8,7.0,7,9.0,15.0,8,5,2,7,19
2022-06-18 00:04:00,16,11.0,6.0,8.0,5,13.0,6,7,7,4,8,9,7,2,11.0,8,9,17,13.0,15,9,6.0,10,4,7,7.0,6,11.0,20.0,5,9,11,9,16
2022-06-18 00:05:00,11,7.0,10.0,9.0,4,24.0,8,6,4,3,9,11,7,2,12.0,5,8,12,13.0,13,7,5.0,6,5,8,10.0,5,17.0,12.0,10,12,6,8,17
2022-06-18 00:06:00,18,11.0,7.0,10.0,2,11.0,9,9,17,4,12,7,6,4,10.0,7,7,15,19.0,12,14,10.0,5,7,10,10.0,8,15.0,14.0,21,9,9,4,25
2022-06-18 00:07:00,13,14.0,12.0,11.0,6,13.0,10,10,24,14,15,7,10,2,12.0,11,13,16,15.0,22,12,11.0,6,7,13,6.0,8,14.0,14.0,15,13,12,10,21
2022-06-18 00:08:00,28,17.0,13.0,11.0,12,6.0,9,10,16,11,6,16,13,5,19.0,11,16,27,9.0,20,14,10.0,8,7,10,12.0,8,12.0,10.0,6,11,19,11,18
2022-06-18 00:09:00,17,15.0,9.0,11.0,10,6.0,7,7,14,11,17,15,12,17,19.0,8,13,27,13.0,17,13,12.0,8,14,7,15.0,11,21.0,9.0,18,16,18,10,18
2022-06-18 00:10:00,15,13.0,12.0,11.0,12,6.0,13,14,22,14,14,11,17,10,17.0,8,20,18,26.0,17,11,9.0,16,11,4,19.0,12,15.0,9.0,19,10,16,15,27
2022-06-18 00:11:00,17,11.0,13.0,15.0,17,15.0,17,29,23,20,38,11,14,13,19.0,11,29,26,14.0,17,21,8.0,14,10,8,27.0,11,16.0,17.0,27,17,20,12,25
2022-06-18 00:12:00,18,16.0,9.0,23.0,13,10.0,17,25,22,18,21,12,10,19,15.0,9,22,21,19.0,16,15,20.0,18,12,5,18.0,17,18.0,13.0,23,22,15,15,16
2022-06-18 00:13:00,11,13.0,7.0,19.0,16,10.0,13,17,16,2,23,19,15,26,23.0,17,17,24,16.0,12,16,12.0,22,6,2,15.0,12,14.0,9.0,49,17,26,7,12
2022-06-18 00:14:00,7,11.0,6.0,17.0,17,9.0,11,20,17,6,27,13,20,23,17.0,13,17,28,20.0,17,20,13.0,14,8,10,12.0,8,17.0,12.0,13,14,27,7,27
2022-06-18 00:15:00,21,21.0,12.0,21.0,21,15.0,15,20,14,10,35,21,25,22,22.0,17,21,33,27.0,18,18,17.0,21,8,13,20.0,9,22.0,14.0,26,26,29,7,28
2022-06-18 00:16:00,23,13.0,17.0,35.0,22,25.0,21,22,17,15,35,24,26,25,29.0,24,30,30,23.0,20,25,19.0,25,7,20,26.0,18,17.0,18.0,32,29,36,12,23
2022-06-18 00:17:00,17,12.0,14.0,26.0,30,15.0,19,25,18,9,50,24,20,17,27.0,24,23,24,16.0,22,22,18.0,23,8,12,20.0,19,19.0,21.0,19,17,29,20,27
2022-06-18 00:18:00,23,14.0,15.0,32.0,24,18.0,16,24,13,9,31,24,14,20,20.0,21,17,20,17.0,61,15,19.0,19,7,13,14.0,20,17.0,19.0,17,18,25,10,18
2022-06-18 00:19:00,15,14.0,14.0,24.0,20,14.0,19,22,12,11,20,21,21,18,20.0,16,20,16,14.0,15,19,14.0,18,7,10,12.0,9,16.0,13.0,7,19,21,8,18
2022-06-18 00:20:00,23,12.0,15.0,15.0,18,13.0,15,23,18,8,14,14,16,26,19.0,12,13,13,11.0,110,24,13.0,13,10,7,11.0,11,20.0,13.0,9,14,25,5,20
2022-06-18 00:21:00,24,16.0,18.0,15.0,17,11.0,19,12,14,10,6,16,11,26,20.0,19,16,12,15.0,16,16,16.0,10,10,12,20.0,11,19.0,10.0,15,18,20,6,17
2022-06-18 00:22:00,7,16.0,14.0,14.0,17,12.0,16,18,12,12,5,18,13,26,18.0,11,9,15,17.0,11,16,18.0,13,6,12,17.0,14,19.0,9.0,22,18,10,12,14
2022-06-18 00:23:00,13,10.0,11.0,13.0,17,13.0,21,17,9,9,19,13,11,16,16.0,10,12,10,13.0,10,4,15.0,10,6,13,10.0,11,18.0,8.0,15,14,12,8,21
2022-06-18 00:24:00,9,12.0,7.0,13.0,19,12.0,16,16,13,9,14,10,8,9,9.0,7,8,11,12.0,56,6,13.0,5,6,9,9.0,13,19.0,15.0,10,20,13,4,18
2022-06-19 00:01:00,10,12.0,6.0,13.0,13,7.0,15,16,10,6,12,18,6,8,15.0,5,12,11,9.0,9,11,8.0,11,6,7,15.0,11,15.0,15.0,13,14,15,3,11
2022-06-19 00:02:00,8,12.0,6.0,13.0,11,7.0,14,15,10,5,17,12,13,6,14.0,5,13,7,12.0,139,11,13.0,7,6,9,6.0,13,18.0,8.0,9,13,14,5,12
2022-06-19 00:03:00,27,13.0,7.0,11.0,12,9.0,14,16,17,11,15,13,9,6,17.0,5,12,6,13.0,13,15,9.0,8,-,10,8.0,17,13.0,7.0,11,10,14,6,15
2022-06-19 00:04:00,6,9.0,6.0,11.0,15,10.0,11,17,12,15,18,14,8,8,11.0,4,8,8,9.0,13,13,11.0,8,7,144,12.0,8,17.0,8.0,12,15,14,4,19
2022-06-19 00:05:00,4,14.0,6.0,14.0,11,6.0,13,16,11,9,17,13,8,6,10.0,6,11,7,14.0,14,17,11.0,10,8,12,8.0,8,16.0,5.0,19,10,12,3,15
2022-06-19 00:06:00,6,9.0,7.0,12.0,11,13.0,16,21,11,9,19,10,11,5,14.0,10,10,6,11.0,10,10,14.0,8,6,9,7.0,12,19.0,10.0,7,14,12,5,12
2022-06-19 00:07:00,8,9.0,7.0,18.0,13,14.0,15,10,9,9,15,10,9,5,14.0,13,13,14,9.0,19,11,15.0,10,5,5,10.0,10,13.0,7.0,15,10,14,5,24
2022-06-19 00:08:00,13,7.0,13.0,21.0,10,12.0,16,14,10,9,23,10,18,5,17.0,7,11,11,8.0,48,9,13.0,13,6,4,8.0,12,14.0,12.0,14,9,18,6,19
2022-06-19 00:09:00,12,10.0,10.0,22.0,15,13.0,20,14,13,9,24,14,15,8,12.0,3,14,8,13.0,10,11,13.0,7,7,5,17.0,11,13.0,10.0,16,12,11,6,17
2022-06-19 00:10:00,10,8.0,8.0,13.0,15,12.0,16,14,14,12,11,11,28,10,12.0,8,12,8,11.0,13,11,18.0,9,9,5,16.0,7,17.0,11.0,22,11,16,5,15
2022-06-19 00:11:00,6,7.0,9.0,16.0,19,8.0,13,14,14,11,17,10,8,8,14.0,9,15,7,10.0,13,8,32.0,18,10,4,13.0,13,15.0,11.0,24,22,15,5,18
2022-06-19 00:12:00,12,9.0,10.0,15.0,10,8.0,13,19,14,7,25,18,8,27,13.0,9,10,13,9.0,11,14,16.0,15,7,7,11.0,11,14.0,11.0,19,15,21,8,17
2022-06-19 00:13:00,13,13.0,10.0,24.0,11,8.0,15,18,11,6,20,15,6,10,12.0,9,11,13,11.0,8,15,18.0,13,4,4,8.0,10,14.0,17.0,16,9,26,7,14
2022-06-19 00:14:00,9,11.0,8.0,14.0,8,6.0,8,12,14,4,17,14,4,8,15.0,7,12,16,9.0,11,15,12.0,9,10,8,14.0,10,21.0,10.0,11,8,23,7,11
2022-06-19 00:15:00,6,8.0,11.0,23.0,10,9.0,6,14,10,2,21,10,6,13,14.0,7,12,12,12.0,11,11,13.0,16,6,9,12.0,13,15.0,10.0,16,11,23,6,18
2022-06-19 00:16:00,6,8.0,11.0,15.0,14,11.0,10,14,8,4,23,20,7,16,10.0,15,8,14,10.0,11,13,13.0,12,3,9,20.0,8,13.0,7.0,22,9,20,6,20
2022-06-19 00:17:00,11,13.0,10.0,23.0,11,8.0,12,25,8,4,41,20,7,17,14.0,10,12,16,13.0,7,11,12.0,15,6,10,13.0,6,11.0,9.0,19,15,18,5,15
2022-06-19 00:18:00,7,18.0,12.0,20.0,13,11.0,14,12,11,6,19,13,10,12,14.0,16,13,10,13.0,8,9,8.0,13,5,8,17.0,12,14.0,12.0,17,11,13,6,17
2022-06-19 00:19:00,9,7.0,12.0,13.0,14,7.0,8,10,10,6,15,12,13,10,13.0,8,11,12,10.0,8,13,10.0,11,4,5,9.0,7,16.0,9.0,10,13,3,6,21
2022-06-19 00:20:00,11,13.0,11.0,9.0,13,6.0,9,10,9,8,12,17,11,16,12.0,12,10,13,8.0,10,15,9.0,12,10,5,20.0,5,13.0,7.0,15,11,2,6,20
2022-06-19 00:21:00,13,11.0,18.0,9.0,11,9.0,10,13,14,6,3,9,11,16,13.0,14,14,12,13.0,12,12,10.0,10,7,9,13.0,7,12.0,18.0,12,13,14,6,16
2022-06-19 00:22:00,8,12.0,8.0,13.0,11,9.0,11,11,10,7,2,9,13,6,14.0,12,12,9,13.0,17,13,9.0,10,7,7,13.0,9,17.0,8.0,10,10,18,9,13
2022-06-19 00:23:00,10,9.0,9.0,11.0,8,6.0,11,13,11,10,9,10,11,13,14.0,8,10,10,13.0,10,12,15.0,9,6,7,11.0,11,19.0,12.0,12,12,15,6,14
2022-06-19 00:24:00,8,10.0,9.0,9.0,8,6.0,11,14,14,8,11,8,11,4,14.0,6,6,9,13.0,11,9,7.0,10,7,7,8.0,10,15.0,8.0,17,13,3,3,11
2022-06-20 00:01:00,10,9.0,9.0,9.0,8,4.0,7,14,13,8,11,6,6,3,10.0,3,5,12,10.0,9,14,11.0,8,8,3,13.0,13,19.0,6.0,14,11,2,3,13
2022-06-20 00:02:00,6,6.0,9.0,8.0,7,2.0,9,10,10,6,11,5,12,2,9.0,4,10,8,12.0,13,7,7.0,5,6,8,8.0,8,12.0,15.0,9,12,4,5,14
2022-06-20 00:03:00,6,8.0,13.0,7.0,8,2.0,7,15,12,3,6,8,9,2,8.0,5,7,13,14.0,11,4,4.0,7,5,9,7.0,6,14.0,16.0,9,8,3,8,18
2022-06-20 00:04:00,8,7.0,11.0,21.0,8,4.0,7,7,11,3,5,8,6,2,8.0,6,8,8,11.0,9,7,4.0,7,6,10,6.0,9,11.0,6.0,6,6,2,6,16
2022-06-20 00:05:00,9,6.0,9.0,25.0,6,4.0,6,10,8,6,14,6,5,5,14.0,7,7,8,8.0,11,7,5.0,7,6,5,4.0,8,12.0,14.0,8,7,6,3,10
2022-06-20 00:06:00,8,8.0,8.0,14.0,6,4.0,8,10,8,7,16,8,11,3,9.0,10,11,27,5.0,11,12,13.0,7,7,5,6.0,10,14.0,9.0,18,16,6,6,14
2022-06-20 00:07:00,10,12.0,11.0,14.0,9,9.0,13,16,10,13,23,8,11,2,14.0,7,11,15,9.0,15,14,11.0,6,6,7,14.0,11,14.0,13.0,20,19,17,8,22
2022-06-20 00:08:00,18,16.0,10.0,19.0,15,8.0,17,13,18,14,14,8,14,4,21.0,8,12,19,17.0,10,17,14.0,17,8,6,15.0,17,17.0,9.0,18,21,21,9,15
2022-06-20 00:09:00,9,22.0,10.0,23.0,20,14.0,19,19,14,12,29,21,25,20,25.0,8,27,28,13.0,14,24,21.0,21,18,9,19.0,21,18.0,12.0,19,20,30,14,15
2022-06-20 00:10:00,17,28.0,17.0,35.0,18,18.0,23,18,27,16,30,29,31,24,37.0,22,30,46,23.0,22,42,21.0,27,20,10,21.0,26,17.0,10.0,22,29,23,30,12
2022-06-20 00:11:00,12,33.0,14.0,39.0,23,23.0,28,19,30,10,35,28,37,25,34.0,38,26,47,29.0,26,23,23.0,27,24,7,15.0,18,17.0,19.0,26,24,34,21,19
2022-06-20 00:12:00,12,27.0,11.0,38.0,25,29.0,27,33,27,15,33,27,34,28,35.0,33,30,49,23.0,25,22,31.0,29,19,5,10.0,21,13.0,15.0,32,23,39,26,21
2022-06-20 00:13:00,7,28.0,8.0,30.0,29,22.0,43,30,23,7,36,31,31,22,37.0,31,30,-,31.0,26,26,35.0,31,16,4,12.0,24,15.0,26.0,18,26,37,25,16
2022-06-20 00:14:00,9,27.0,13.0,42.0,34,25.0,31,30,20,14,37,28,27,29,36.0,30,35,-,31.0,22,24,38.0,32,8,6,14.0,21,26.0,27.0,26,31,36,23,20
2022-06-20 00:15:00,26,20.0,19.0,41.0,32,22.0,27,23,20,11,25,19,24,14,29.0,31,23,-,14.0,16,14,14.0,26,5,4,13.0,11,25.0,22.0,22,15,36,16,24
2022-06-20 00:16:00,21,12.0,17.0,28.0,19,14.0,14,-,14,8,38,11,10,18,22.0,15,16,20,23.0,22,20,16.0,12,2,3,14.0,12,15.0,71.0,15,18,22,15,18
2022-06-20 00:17:00,12,10.0,15.0,24.0,13,14.0,-,21,9,-,24,13,13,14,17.0,14,18,14,13.0,15,16,21.0,26,2,4,14.0,9,12.0,108.0,14,7,28,9,15
2022-06-20 00:18:00,10,9.0,7.0,21.0,9,11.0,-,16,9,-,14,12,12,9,22.0,11,14,21,16.0,14,13,5.0,17,2,9,10.0,4,10.0,13.0,13,16,22,7,11
2022-06-20 00:19:00,9,13.0,6.0,19.0,11,8.0,9,18,10,4,12,12,14,15,17.0,9,17,22,17.0,10,14,9.0,11,2,15,7.0,4,12.0,17.0,11,15,19,8,15
2022-06-20 00:20:00,6,16.0,10.0,15.0,13,7.0,8,12,14,5,6,12,11,13,26.0,14,12,17,16.0,16,19,10.0,10,5,5,13.0,9,9.0,16.0,17,14,18,9,18
2022-06-20 00:21:00,11,16.0,7.0,15.0,13,18.0,17,13,14,18,23,15,19,28,24.0,15,22,23,22.0,13,25,23.0,18,16,7,12.0,18,20.0,18.0,17,29,24,11,20
2022-06-20 00:22:00,13,19.0,8.0,22.0,20,17.0,19,19,22,23,22,15,15,16,24.0,15,23,24,18.0,21,26,31.0,20,17,8,22.0,18,21.0,17.0,25,22,29,10,17
2022-06-20 00:23:00,15,19.0,11.0,24.0,21,16.0,25,22,22,17,28,20,19,23,17.0,16,21,25,23.0,12,15,30.0,22,17,9,20.0,21,28.0,16.0,23,24,21,9,21
2022-06-20 00:24:00,15,9.0,7.0,23.0,15,16.0,27,22,14,15,20,12,14,12,24.0,18,19,17,12.0,15,20,26.0,17,10,6,15.0,22,25.0,8.0,23,21,23,8,14
2022-06-21 00:01:00,8,10.0,11.0,16.0,13,6.0,14,20,14,6,10,10,8,7,16.0,13,15,15,17.0,13,8,17.0,7,7,4,11.0,15,18.0,9.0,19,18,5,6,34
2022-06-21 00:02:00,11,11.0,12.0,12.0,19,3.0,13,13,14,7,16,5,5,4,11.0,8,13,14,10.0,19,12,13.0,6,4,7,12.0,7,12.0,16.0,16,15,9,7,27
2022-06-21 00:03:00,10,9.0,8.0,11.0,18,2.0,20,9,15,12,9,8,7,11,9.0,5,7,17,11.0,15,13,13.0,9,9,6,15.0,10,16.0,16.0,10,16,5,9,21
2022-06-21 00:04:00,9,10.0,12.0,22.0,14,8.0,16,11,12,10,20,13,6,2,8.0,8,10,8,15.0,18,8,13.0,11,8,4,18.0,12,18.0,13.0,24,18,4,7,21
2022-06-21 00:05:00,14,14.0,13.0,19.0,8,16.0,19,18,14,10,20,17,7,3,15.0,7,12,17,12.0,14,16,13.0,11,12,13,20.0,9,19.0,12.0,25,15,18,7,28
2022-06-21 00:06:00,15,14.0,16.0,15.0,10,11.0,26,23,24,19,27,11,11,11,17.0,12,15,25,16.0,17,18,17.0,16,19,10,15.0,17,24.0,11.0,21,19,16,7,21
2022-06-21 00:07:00,16,15.0,18.0,21.0,13,13.0,28,23,22,13,32,16,20,7,20.0,13,12,19,17.0,20,25,14.0,9,12,7,24.0,17,22.0,15.0,29,23,19,15,25
2022-06-21 00:08:00,9,22.0,12.0,27.0,12,15.0,17,21,18,9,27,22,16,13,17.0,14,19,18,19.0,27,32,17.0,15,14,5,21.0,16,24.0,18.0,18,29,12,25,29
2022-06-21 00:09:00,16,22.0,22.0,22.0,17,19.0,7,18,19,4,28,19,18,16,20.0,15,17,21,24.0,31,27,15.0,23,9,3,18.0,23,13.0,18.0,21,26,16,20,23
2022-06-21 00:10:00,5,14.0,25.0,30.0,20,11.0,6,12,9,3,25,10,15,23,22.0,16,20,25,22.0,20,23,8.0,19,5,5,14.0,12,16.0,6.0,19,24,11,12,19
2022-06-21 00:11:00,12,17.0,17.0,15.0,7,10.0,6,13,9,4,12,12,6,2,11.0,15,14,17,12.0,20,15,8.0,7,5,8,12.0,7,11.0,4.0,11,17,10,15,18
2022-06-21 00:12:00,14,10.0,4.0,20.0,5,11.0,7,7,8,5,19,9,5,2,11.0,2,9,5,8.0,21,9,9.0,15,2,7,7.0,3,11.0,8.0,8,9,11,2,17
2022-06-21 00:13:00,12,7.0,4.0,14.0,3,7.0,9,12,10,4,19,8,5,3,10.0,2,8,10,13.0,22,9,12.0,7,3,4,15.0,5,13.0,7.0,16,18,7,4,20
2022-06-21 00:14:00,12,8.0,14.0,21.0,6,9.0,19,11,18,16,20,12,6,14,15.0,4,31,9,16.0,15,16,18.0,9,18,8,15.0,17,22.0,9.0,17,18,13,7,33
2022-06-21 00:15:00,19,10.0,14.0,32.0,6,11.0,16,12,11,15,23,11,6,10,16.0,8,14,14,15.0,27,12,26.0,12,9,15,15.0,7,18.0,14.0,16,-,13,6,25
2022-06-21 00:16:00,12,10.0,18.0,29.0,23,8.0,19,11,14,16,29,10,8,10,15.0,6,25,15,16.0,27,20,27.0,9,12,20,10.0,9,24.0,12.0,16,20,13,8,29
2022-06-21 00:17:00,23,12.0,14.0,22.0,5,12.0,14,9,16,24,30,12,11,12,13.0,5,19,17,16.0,31,23,25.0,15,16,28,15.0,16,26.0,15.0,18,23,19,11,23
2022-06-21 00:18:00,23,13.0,17.0,25.0,6,13.0,20,16,18,16,47,15,17,13,13.0,11,19,20,20.0,24,19,19.0,22,23,20,20.0,11,19.0,15.0,17,23,17,23,30
2022-06-21 00:19:00,19,12.0,14.0,18.0,10,17.0,17,12,16,15,23,13,14,15,16.0,11,17,28,13.0,20,23,23.0,15,15,14,12.0,12,19.0,24.0,18,24,15,13,34
2022-06-21 00:20:00,21,15.0,14.0,15.0,7,11.0,13,10,18,17,17,13,11,13,17.0,12,14,14,17.0,16,15,23.0,8,13,14,17.0,8,27.0,19.0,10,26,2,7,30
2022-06-21 00:21:00,26,13.0,11.0,13.0,13,11.0,20,13,15,18,6,11,9,15,14.0,15,17,23,17.0,19,23,28.0,11,17,12,18.0,7,27.0,12.0,14,22,12,8,31
2022-06-21 00:22:00,18,15.0,10.0,12.0,11,13.0,23,18,23,16,3,11,9,9,13.0,10,17,20,9.0,10,14,30.0,12,9,13,17.0,6,22.0,13.0,20,21,14,10,29
2022-06-21 00:23:00,20,22.0,13.0,9.0,8,12.0,18,20,23,16,23,14,10,7,22.0,13,7,9,14.0,8,13,26.0,14,18,17,14.0,16,26.0,22.0,24,24,14,11,30
2022-06-21 00:24:00,23,23.0,18.0,13.0,8,8.0,20,15,17,16,27,17,12,18,21.0,12,14,18,15.0,16,22,24.0,16,16,17,15.0,14,21.0,15.0,24,20,14,7,33
2022-06-22 00:01:00,33,22.0,20.0,20.0,15,10.0,17,17,23,17,18,20,15,28,22.0,17,22,35,28.0,32,23,25.0,22,12,18,26.0,25,17.0,21.0,33,30,17,20,44
2022-06-22 00:02:00,31,32.0,29.0,16.0,11,11.0,16,10,30,21,20,17,46,17,22.0,20,21,27,21.0,29,13,11.0,17,15,24,22.0,19,23.0,20.0,20,15,21,30,31
2022-06-22 00:03:00,32,18.0,29.0,20.0,10,15.0,20,15,26,24,21,20,19,16,19.0,12,23,19,10.0,33,13,13.0,16,19,29,17.0,15,23.0,29.0,24,13,14,24,25
2022-06-22 00:04:00,26,10.0,31.0,16.0,8,11.0,16,9,19,20,25,19,22,14,16.0,7,17,18,13.0,33,13,11.0,14,16,28,11.0,18,25.0,21.0,17,17,9,16,26
2022-06-22 00:05:00,27,12.0,28.0,16.0,10,9.0,15,9,15,17,14,12,17,9,20.0,7,17,18,13.0,33,17,15.0,15,13,18,20.0,22,22.0,23.0,19,8,8,6,35
2022-06-22 00:06:00,26,8.0,27.0,20.0,11,10.0,15,14,22,19,15,17,20,23,15.0,7,20,21,15.0,36,16,16.0,9,12,18,24.0,18,24.0,18.0,18,10,14,8,35
2022-06-22 00:07:00,27,11.0,28.0,18.0,10,9.0,15,12,29,22,22,20,25,13,23.0,9,27,22,16.0,39,22,13.0,18,17,22,34.0,20,22.0,23.0,25,24,16,17,26
2022-06-22 00:08:00,27,23.0,26.0,18.0,19,10.0,15,14,30,26,45,22,27,18,29.0,16,23,38,25.0,35,26,24.0,21,19,15,37.0,19,25.0,18.0,29,33,18,27,30
2022-06-22 00:09:00,26,30.0,26.0,24.0,16,20.0,19,15,30,24,30,17,27,20,33.0,24,25,35,24.0,24,16,26.0,17,12,18,31.0,20,25.0,17.0,30,17,22,27,32
2022-06-22 00:10:00,20,24.0,22.0,28.0,12,16.0,18,14,28,23,31,21,40,19,30.0,21,27,35,25.0,24,23,24.0,26,19,10,32.0,20,24.0,26.0,31,33,24,27,-
2022-06-22 00:11:00,30,28.0,20.0,44.0,18,26.0,23,15,36,24,33,28,34,31,31.0,29,29,42,26.0,25,22,30.0,27,12,15,34.0,25,21.0,24.0,30,38,27,26,42
2022-06-22 00:12:00,34,29.0,14.0,49.0,25,30.0,25,24,32,22,45,33,31,41,32.0,25,33,40,28.0,34,32,34.0,33,18,14,29.0,30,23.0,25.0,33,36,36,24,31
2022-06-22 00:13:00,28,39.0,15.0,59.0,31,39.0,34,32,37,20,42,34,41,33,39.0,41,33,48,30.0,27,29,40.0,38,11,20,28.0,30,23.0,26.0,30,29,45,29,30
2022-06-22 00:14:00,33,32.0,22.0,57.0,42,27.0,29,37,30,27,34,29,54,31,41.0,31,38,55,28.0,25,30,35.0,29,27,22,27.0,28,27.0,29.0,30,23,41,27,42
2022-06-22 00:15:00,38,36.0,32.0,57.0,36,27.0,29,36,43,24,43,31,37,48,39.0,34,48,68,46.0,43,39,37.0,37,27,24,40.0,34,40.0,30.0,41,46,46,-,47
2022-06-22 00:16:00,47,43.0,31.0,65.0,37,36.0,38,37,43,27,68,39,36,46,48.0,43,43,55,47.0,36,38,51.0,40,23,25,37.0,34,34.0,27.0,37,51,51,-,43
2022-06-22 00:17:00,39,37.0,26.0,59.0,45,39.0,33,35,36,26,72,38,39,35,47.0,39,46,57,32.0,27,35,53.0,35,17,19,32.0,34,30.0,30.0,38,44,49,34,45
2022-06-22 00:18:00,35,29.0,27.0,57.0,35,33.0,30,37,30,22,49,31,34,29,37.0,32,45,52,34.0,28,34,28.0,25,15,17,32.0,28,31.0,27.0,30,45,46,35,31
2022-06-22 00:19:00,36,26.0,21.0,44.0,28,22.0,25,32,21,19,31,22,26,29,34.0,31,32,33,26.0,15,34,28.0,22,9,12,20.0,20,25.0,29.0,21,34,38,32,30
2022-06-22 00:20:00,25,19.0,15.0,26.0,24,21.0,24,26,18,15,20,24,26,18,31.0,23,29,32,23.0,19,34,25.0,23,16,10,22.0,18,21.0,23.0,23,21,31,24,14
2022-06-22 00:21:00,20,22.0,14.0,17.0,22,16.0,23,29,17,13,2,19,15,26,27.0,24,21,25,14.0,16,29,15.0,17,15,12,14.0,18,18.0,17.0,16,27,26,17,10
2022-06-22 00:22:00,13,14.0,14.0,22.0,22,15.0,16,22,14,11,3,13,15,14,16.0,18,15,16,16.0,17,14,13.0,17,9,9,11.0,11,19.0,9.0,14,18,22,21,15
2022-06-22 00:23:00,13,13.0,13.0,15.0,11,14.0,9,18,16,10,12,16,17,15,15.0,10,17,11,18.0,16,16,9.0,17,8,10,16.0,11,15.0,11.0,12,17,20,15,18
2022-06-22 00:24:00,15,10.0,11.0,11.0,9,15.0,18,16,13,10,15,15,11,15,15.0,6,9,26,17.0,12,17,5.0,9,7,8,14.0,14,16.0,9.0,14,13,15,10,12
2022-06-23 00:01:00,8,11.0,11.0,11.0,6,8.0,14,17,9,12,20,13,10,6,12.0,4,8,25,18.0,14,16,11.0,9,7,5,10.0,11,13.0,8.0,12,10,17,16,14
2022-06-23 00:02:00,10,11.0,8.0,11.0,8,8.0,17,10,8,8,13,11,15,7,11.0,5,9,26,18.0,15,9,11.0,10,7,13,7.0,8,11.0,10.0,10,9,7,11,12
2022-06-23 00:03:00,11,8.0,14.0,12.0,6,6.0,8,9,16,5,10,8,9,7,10.0,6,12,19,16.0,12,6,8.0,6,7,9,13.0,6,8.0,12.0,9,9,7,11,13
2022-06-23 00:04:00,9,13.0,10.0,14.0,3,3.0,6,8,7,6,15,8,11,6,12.0,7,13,10,15.0,13,9,14.0,13,6,5,9.0,6,13.0,11.0,11,11,11,7,31
2022-06-23 00:05:00,9,12.0,12.0,12.0,5,4.0,8,6,14,16,23,9,11,9,14.0,6,10,19,17.0,15,11,12.0,8,7,8,14.0,7,13.0,10.0,18,16,12,9,24
2022-06-23 00:06:00,17,11.0,13.0,12.0,5,11.0,11,7,16,11,20,11,16,9,17.0,8,10,17,12.0,14,23,13.0,7,5,8,12.0,9,14.0,17.0,18,17,13,14,21
2022-06-23 00:07:00,11,12.0,13.0,15.0,6,10.0,10,7,5,6,19,8,11,9,13.0,10,14,14,12.0,10,6,10.0,7,5,4,8.0,6,11.0,17.0,6,9,19,13,13
2022-06-23 00:08:00,16,14.0,8.0,17.0,11,9.0,6,12,10,6,19,8,6,4,14.0,12,10,13,13.0,16,12,9.0,14,5,9,12.0,5,12.0,15.0,9,13,19,14,16
2022-06-23 00:09:00,16,13.0,7.0,16.0,8,8.0,6,10,9,7,11,7,6,5,11.0,10,19,13,7.0,11,7,6.0,10,6,6,11.0,3,13.0,13.0,18,12,21,18,12
2022-06-23 00:10:00,14,12.0,7.0,19.0,11,9.0,10,10,13,8,13,8,7,9,14.0,12,27,23,9.0,13,10,8.0,13,4,2,13.0,7,12.0,9.0,18,15,20,16,13
2022-06-23 00:11:00,17,11.0,9.0,13.0,8,11.0,7,7,16,5,19,6,9,8,11.0,11,25,19,15.0,15,10,12.0,15,6,4,14.0,10,14.0,15.0,17,13,18,13,18
2022-06-23 00:12:00,21,22.0,17.0,11.0,10,10.0,6,3,19,16,27,14,7,-,12.0,13,27,22,20.0,19,22,18.0,17,12,5,26.0,8,19.0,11.0,29,22,14,22,28
2022-06-23 00:13:00,29,29.0,27.0,4.0,9,15.0,6,10,23,11,24,11,17,-,24.0,18,34,22,26.0,24,23,20.0,19,12,6,19.0,11,24.0,12.0,21,16,22,23,32
2022-06-23 00:14:00,18,34.0,25.0,18.0,13,13.0,6,12,18,13,29,18,17,43,30.0,20,24,36,26.0,22,25,14.0,17,11,7,21.0,19,21.0,11.0,19,18,27,30,77
2022-06-23 00:15:00,22,19.0,25.0,24.0,-,16.0,13,16,28,19,26,-,10,30,20.0,20,29,37,25.0,25,23,14.0,19,11,6,24.0,18,21.0,27.0,35,22,36,14,33
2022-06-23 00:16:00,23,40.0,33.0,34.0,-,21.0,21,21,47,33,53,-,26,45,31.0,23,39,63,35.0,45,66,46.0,31,30,15,42.0,37,36.0,20.0,48,37,35,40,-
2022-06-23 00:17:00,34,36.0,27.0,40.0,22,34.0,29,23,47,39,52,23,28,37,36.0,32,39,56,37.0,35,50,44.0,37,32,19,41.0,35,37.0,30.0,41,35,34,32,-
2022-06-23 00:18:00,34,38.0,37.0,35.0,21,28.0,29,19,44,39,58,23,32,42,31.0,27,40,38,39.0,39,65,44.0,32,30,14,37.0,34,44.0,33.0,48,37,32,39,46
2022-06-23 00:19:00,32,34.0,34.0,39.0,18,34.0,27,22,40,39,60,29,32,46,32.0,25,31,36,38.0,31,58,47.0,36,33,20,39.0,43,45.0,28.0,48,42,42,36,42
2022-06-23 00:20:00,27,38.0,34.0,39.0,19,32.0,31,22,40,39,57,27,31,50,30.0,27,35,31,33.0,33,51,44.0,36,30,19,44.0,40,38.0,25.0,43,36,47,38,59
2022-06-23 00:21:00,31,39.0,29.0,33.0,19,32.0,34,26,44,34,55,29,24,39,30.0,24,31,27,32.0,27,51,45.0,33,27,19,34.0,37,40.0,30.0,39,28,45,34,53
2022-06-23 00:22:00,30,41.0,30.0,36.0,20,30.0,34,28,44,32,52,25,33,40,34.0,35,31,36,36.0,31,53,43.0,27,26,24,33.0,32,37.0,26.0,45,38,37,34,52
2022-06-23 00:23:00,29,41.0,26.0,40.0,25,26.0,29,28,44,27,63,36,24,35,31.0,35,33,32,34.0,33,56,37.0,35,27,15,34.0,31,36.0,26.0,36,31,39,32,43
2022-06-23 00:24:00,24,31.0,26.0,30.0,16,23.0,26,28,34,29,43,22,24,33,30.0,20,26,22,29.0,32,40,34.0,23,26,16,26.0,27,29.0,21.0,36,22,30,23,53
2022-06-24 00:01:00,24,27.0,25.0,29.0,14,20.0,25,21,28,34,58,23,17,36,20.0,27,29,27,38.0,40,49,37.0,27,30,12,30.0,23,40.0,16.0,37,27,21,23,47
2022-06-24 00:02:00,25,38.0,25.0,30.0,18,36.0,24,22,41,30,59,25,28,37,26.0,29,29,37,44.0,43,60,37.0,26,25,25,40.0,31,33.0,22.0,52,30,27,31,46
2022-06-24 00:03:00,30,41.0,33.0,36.0,21,32.0,28,26,42,28,65,29,27,41,33.0,30,36,36,39.0,37,61,40.0,37,25,15,34.0,31,36.0,21.0,43,36,28,42,42
2022-06-24 00:04:00,23,50.0,32.0,32.0,24,27.0,12,27,27,27,64,18,30,30,37.0,38,44,36,40.0,36,57,28.0,31,29,22,32.0,24,32.0,23.0,42,38,29,37,73
2022-06-24 00:05:00,26,24.0,19.0,22.0,12,23.0,11,12,31,20,32,17,12,16,21.0,24,23,23,29.0,29,26,31.0,23,16,23,19.0,21,22.0,13.0,26,22,17,23,23
2022-06-24 00:06:00,9,27.0,28.0,8.0,6,6.0,9,8,27,30,30,3,8,13,9.0,8,12,17,26.0,24,27,17.0,13,26,29,19.0,17,20.0,9.0,29,15,8,11,24
2022-06-24 00:07:00,9,27.0,13.0,9.0,4,17.0,10,6,24,16,28,8,8,8,9.0,13,16,18,21.0,19,19,21.0,9,14,17,15.0,12,24.0,7.0,21,12,13,15,57
2022-06-24 00:08:00,17,14.0,8.0,10.0,3,7.0,10,6,26,9,19,4,9,6,12.0,11,12,20,17.0,25,16,12.0,7,10,18,17.0,6,16.0,15.0,13,11,11,10,37
2022-06-24 00:09:00,13,10.0,6.0,7.0,3,10.0,7,6,22,11,24,2,6,13,9.0,7,14,15,19.0,19,23,11.0,8,11,13,19.0,9,16.0,9.0,16,13,10,9,41
2022-06-24 00:10:00,18,10.0,11.0,11.0,4,11.0,10,8,27,10,26,4,6,10,10.0,9,22,19,20.0,25,21,14.0,10,19,18,12.0,10,21.0,8.0,18,12,10,13,32
2022-06-24 00:11:00,19,17.0,13.0,25.0,2,12.0,5,6,27,15,23,8,7,15,12.0,8,21,26,24.0,22,19,17.0,9,12,19,21.0,10,27.0,11.0,22,19,11,20,20
2022-06-24 00:12:00,13,29.0,12.0,19.0,2,13.0,7,8,15,9,19,7,8,11,11.0,-,21,18,18.0,17,6,9.0,7,7,16,12.0,6,13.0,8.0,14,14,14,16,18
2022-06-24 00:13:00,15,8.0,8.0,18.0,2,7.0,9,6,19,10,12,3,7,3,8.0,-,7,24,14.0,21,11,6.0,6,8,13,12.0,6,14.0,6.0,14,9,12,13,23
2022-06-24 00:14:00,21,5.0,14.0,19.0,7,7.0,6,11,12,11,26,6,12,14,12.0,6,7,33,10.0,19,13,15.0,6,6,17,16.0,11,22.0,8.0,13,13,15,8,24
2022-06-24 00:15:00,17,15.0,20.0,23.0,12,15.0,12,12,23,12,23,10,18,19,16.0,10,18,32,24.0,29,23,27.0,14,14,23,21.0,18,22.0,12.0,20,15,22,22,47
2022-06-24 00:16:00,24,25.0,20.0,25.0,13,21.0,15,14,22,16,47,15,17,27,27.0,16,30,34,32.0,28,31,29.0,15,13,23,28.0,20,31.0,16.0,26,18,25,37,41
2022-06-24 00:17:00,24,24.0,27.0,33.0,13,24.0,19,16,24,19,64,23,19,37,29.0,21,25,42,32.0,28,25,24.0,18,16,10,25.0,25,30.0,22.0,26,17,28,31,37
2022-06-24 00:18:00,24,25.0,17.0,31.0,20,23.0,27,27,26,20,32,22,26,37,28.0,16,27,36,26.0,25,35,29.0,27,17,10,18.0,26,25.0,21.0,27,22,26,27,29
2022-06-24 00:19:00,21,27.0,27.0,38.0,24,20.0,21,22,29,18,35,22,27,35,23.0,17,26,26,34.0,27,33,28.0,20,16,23,22.0,26,26.0,24.0,27,26,23,29,40
2022-06-24 00:20:00,40,30.0,34.0,35.0,25,25.0,24,20,30,25,39,29,33,41,33.0,32,30,40,39.0,37,44,32.0,30,21,19,29.0,27,29.0,25.0,33,32,28,33,35
2022-06-24 00:21:00,34,37.0,31.0,31.0,27,27.0,34,29,27,22,41,32,36,39,30.0,29,34,36,41.0,33,52,30.0,32,19,12,29.0,34,35.0,30.0,34,34,33,30,31
2022-06-24 00:22:00,34,34.0,30.0,34.0,27,30.0,35,30,29,24,37,30,37,44,36.0,22,32,38,34.0,30,42,33.0,28,20,15,29.0,32,36.0,27.0,34,31,37,30,38
2022-06-24 00:23:00,34,34.0,31.0,35.0,30,23.0,31,26,29,29,47,30,39,35,28.0,25,31,36,29.0,31,45,33.0,25,25,15,29.0,31,37.0,22.0,34,26,34,24,35
2022-06-24 00:24:00,38,37.0,30.0,31.0,25,25.0,33,27,27,21,46,27,34,27,36.0,23,30,42,32.0,27,48,33.0,29,16,5,26.0,32,31.0,25.0,36,30,35,23,27
2022-06-25 00:01:00,33.0,31.0,28.0,35.0,29.0,25.0,29.0,26.0,24.0,24.0,46.0,26.0,33.0,36.0,29.0,24.0,26.0,28.0,43.0,29.0,44.0,26.0,27.0,16.0,7.0,27.0,31.0,29.0,,,,,,
2022-06-25 00:02:00,28.0,41.0,25.0,34.0,26.0,29.0,37.0,22.0,26.0,17.0,37.0,25.0,36.0,33.0,35.0,22.0,32.0,30.0,30.0,26.0,37.0,29.0,28.0,21.0,5.0,22.0,33.0,25.0,,,,,,
2022-06-25 00:03:00,30.0,38.0,27.0,33.0,28.0,27.0,29.0,29.0,26.0,20.0,40.0,27.0,28.0,33.0,32.0,27.0,32.0,34.0,40.0,28.0,37.0,29.0,26.0,17.0,3.0,23.0,30.0,30.0,,,,,,
2022-06-25 00:04:00,24.0,41.0,31.0,34.0,26.0,31.0,30.0,27.0,26.0,27.0,47.0,30.0,29.0,31.0,32.0,32.0,26.0,29.0,33.0,26.0,43.0,31.0,26.0,19.0,10.0,28.0,31.0,31.0,,,,,,
2022-06-25 00:05:00,34.0,44.0,29.0,32.0,21.0,28.0,30.0,27.0,27.0,28.0,48.0,26.0,28.0,35.0,28.0,28.0,28.0,35.0,31.0,29.0,42.0,35.0,26.0,27.0,19.0,32.0,32.0,32.0,,,,,,
2022-06-25 00:06:00,35.0,37.0,30.0,38.0,24.0,29.0,36.0,23.0,37.0,32.0,52.0,29.0,35.0,40.0,34.0,25.0,30.0,41.0,37.0,28.0,51.0,35.0,31.0,22.0,8.0,30.0,35.0,30.0,,,,,,
2022-06-25 00:07:00,34.0,54.0,29.0,36.0,28.0,32.0,30.0,29.0,32.0,22.0,46.0,32.0,40.0,27.0,39.0,32.0,36.0,37.0,35.0,31.0,41.0,31.0,31.0,24.0,10.0,25.0,30.0,27.0,,,,,,
2022-06-25 00:08:00,40.0,45.0,36.0,45.0,31.0,33.0,41.0,33.0,36.0,30.0,54.0,32.0,40.0,33.0,40.0,36.0,35.0,46.0,42.0,35.0,48.0,34.0,34.0,31.0,8.0,36.0,32.0,32.0,,,,,,
2022-06-25 00:09:00,29.0,37.0,16.0,44.0,38.0,36.0,38.0,32.0,27.0,17.0,57.0,35.0,40.0,44.0,39.0,27.0,29.0,54.0,31.0,26.0,46.0,29.0,33.0,11.0,5.0,28.0,37.0,31.0,,,,,,
2022-06-25 00:10:00,39.0,37.0,25.0,45.0,37.0,32.0,38.0,32.0,37.0,22.0,45.0,35.0,32.0,36.0,36.0,29.0,31.0,42.0,31.0,28.0,39.0,28.0,33.0,17.0,6.0,27.0,29.0,30.0,,,,,,
2022-06-25 00:11:00,34.0,37.0,26.0,49.0,36.0,34.0,42.0,28.0,33.0,27.0,47.0,38.0,38.0,41.0,39.0,37.0,41.0,50.0,29.0,33.0,38.0,36.0,29.0,26.0,18.0,38.0,33.0,35.0,,,,,,
2022-06-25 00:12:00,41.0,39.0,32.0,44.0,35.0,32.0,31.0,37.0,37.0,36.0,43.0,33.0,41.0,41.0,37.0,29.0,37.0,48.0,32.0,35.0,42.0,34.0,31.0,33.0,10.0,35.0,34.0,37.0,,,,,,
2022-06-25 00:13:00,34.0,34.0,31.0,44.0,33.0,25.0,38.0,28.0,31.0,27.0,47.0,31.0,44.0,40.0,41.0,33.0,36.0,57.0,36.0,30.0,43.0,29.0,33.0,22.0,17.0,30.0,38.0,29.0,,,,,,
2022-06-25 00:14:00,25.0,38.0,31.0,46.0,27.0,30.0,34.0,22.0,31.0,27.0,39.0,32.0,37.0,41.0,40.0,38.0,29.0,56.0,34.0,33.0,42.0,32.0,36.0,18.0,29.0,30.0,39.0,38.0,,,,,,
2022-06-25 00:15:00,32.0,35.0,35.0,40.0,24.0,27.0,28.0,21.0,31.0,19.0,67.0,31.0,33.0,42.0,39.0,28.0,43.0,47.0,37.0,31.0,39.0,35.0,40.0,21.0,29.0,36.0,34.0,37.0,,,,,,
2022-06-25 00:16:00,19.0,29.0,23.0,38.0,24.0,24.0,31.0,18.0,25.0,23.0,38.0,27.0,27.0,27.0,29.0,28.0,31.0,32.0,22.0,21.0,42.0,26.0,27.0,19.0,19.0,25.0,23.0,35.0,,,,,,
2022-06-25 00:17:00,16.0,25.0,24.0,21.0,18.0,13.0,17.0,17.0,24.0,22.0,35.0,23.0,15.0,31.0,18.0,13.0,26.0,21.0,25.0,22.0,26.0,18.0,27.0,17.0,19.0,31.0,15.0,30.0,,,,,,
2022-06-25 00:18:00,20.0,20.0,21.0,17.0,14.0,19.0,18.0,17.0,22.0,18.0,22.0,14.0,18.0,22.0,20.0,14.0,23.0,19.0,24.0,19.0,37.0,23.0,21.0,21.0,15.0,28.0,17.0,30.0,,,,,,
2022-06-25 00:19:00,24.0,30.0,26.0,30.0,21.0,20.0,18.0,18.0,25.0,23.0,30.0,26.0,22.0,23.0,24.0,23.0,24.0,25.0,27.0,24.0,37.0,31.0,19.0,22.0,19.0,26.0,24.0,32.0,,,,,,
2022-06-25 00:20:00,24.0,31.0,27.0,25.0,21.0,17.0,26.0,18.0,27.0,20.0,42.0,20.0,20.0,33.0,27.0,23.0,21.0,25.0,35.0,29.0,48.0,35.0,27.0,19.0,22.0,33.0,26.0,31.0,,,,,,
2022-06-25 00:21:00,24.0,28.0,24.0,26.0,26.0,21.0,26.0,27.0,24.0,16.0,34.0,26.0,27.0,25.0,26.0,14.0,25.0,23.0,24.0,19.0,38.0,26.0,27.0,16.0,12.0,17.0,24.0,31.0,,,,,,
2022-06-25 00:22:00,21.0,21.0,9.0,16.0,13.0,6.0,12.0,15.0,17.0,14.0,17.0,7.0,8.0,16.0,14.0,9.0,10.0,10.0,10.0,9.0,11.0,17.0,12.0,9.0,12.0,16.0,8.0,18.0,,,,,,
2022-06-25 00:23:00,6.0,16.0,17.0,14.0,6.0,5.0,6.0,8.0,16.0,14.0,29.0,4.0,6.0,3.0,14.0,5.0,11.0,10.0,20.0,20.0,26.0,17.0,10.0,14.0,17.0,12.0,12.0,22.0,,,,,,
2022-06-25 00:24:00,17.0,18.0,18.0,11.0,8.0,3.0,7.0,7.0,18.0,17.0,35.0,14.0,17.0,16.0,19.0,8.0,17.0,16.0,26.0,15.0,34.0,16.0,9.0,13.0,10.0,16.0,11.0,25.0,,,,,,
2022-06-26 00:01:00,13,20.0,11.0,12.0,13,10.0,17,9,19,12,37,10,19,11,23.0,12,18,16,20.0,23,23,16.0,14,12,17,16.0,17,18.0,18.0,17,12,17,15,23
2022-06-26 00:02:00,14,24.0,22.0,15.0,10,7.0,11,10,18,17,31,11,19,6,20.0,16,15,20,23.0,14,22,21.0,17,14,17,21.0,14,14.0,20.0,24,15,14,14,23
2022-06-26 00:03:00,17,20.0,16.0,21.0,8,13.0,17,12,19,15,33,10,12,13,18.0,15,20,16,24.0,17,29,20.0,13,16,20,18.0,17,29.0,21.0,17,14,19,14,27
2022-06-26 00:04:00,9,30.0,15.0,18.0,9,11.0,14,10,17,17,28,10,18,12,19.0,17,18,24,20.0,20,25,24.0,13,13,17,13.0,16,22.0,17.0,28,20,18,16,40
2022-06-26 00:05:00,19,27.0,22.0,18.0,9,13.0,10,11,23,16,32,9,14,10,15.0,16,21,18,24.0,14,26,25.0,14,8,14,18.0,15,22.0,18.0,24,16,15,17,24
2022-06-26 00:06:00,19,24.0,15.0,21.0,10,10.0,19,17,18,19,33,13,13,15,15.0,15,13,12,21.0,16,25,20.0,13,15,10,17.0,17,22.0,10.0,18,18,8,9,30
2022-06-26 00:07:00,18,21.0,15.0,18.0,8,8.0,19,9,21,20,30,12,19,16,22.0,15,16,23,21.0,21,22,17.0,14,16,12,17.0,16,26.0,20.0,22,19,12,20,24
2022-06-26 00:08:00,21,24.0,15.0,20.0,9,8.0,18,12,26,18,34,10,16,18,17.0,15,20,20,17.0,17,34,28.0,17,14,5,25.0,20,22.0,25.0,25,14,17,16,21
2022-06-26 00:09:00,19,19.0,9.0,18.0,7,12.0,8,14,16,8,34,14,11,21,22.0,8,15,11,15.0,8,25,21.0,13,8,2,21.0,12,22.0,27.0,30,16,24,18,15
2022-06-26 00:10:00,11,8.0,7.0,18.0,6,7.0,7,9,7,8,14,9,6,9,10.0,6,13,10,9.0,5,2,7.0,9,3,3,5.0,10,13.0,17.0,10,16,20,11,11
2022-06-26 00:11:00,13,10.0,8.0,15.0,6,4.0,5,11,13,6,16,9,2,8,13.0,9,11,9,14.0,7,2,8.0,9,4,2,6.0,10,10.0,15.0,8,11,12,6,10
2022-06-26 00:12:00,8,10.0,10.0,14.0,5,6.0,6,8,17,8,22,5,2,13,10.0,6,13,7,14.0,14,8,11.0,7,6,8,13.0,9,12.0,13.0,18,11,14,7,15
2022-06-26 00:13:00,29,11.0,9.0,22.0,6,6.0,10,6,9,10,21,5,3,15,6.0,3,13,6,12.0,11,10,13.0,7,10,12,14.0,6,14.0,13.0,14,10,22,12,21
2022-06-26 00:14:00,12,12.0,9.0,19.0,6,5.0,8,13,23,28,36,7,5,24,11.0,6,11,15,22.0,19,21,23.0,15,25,22,31.0,19,29.0,8.0,31,21,8,8,23
2022-06-26 00:15:00,6,21.0,19.0,17.0,4,6.0,14,9,27,26,36,12,13,29,18.0,6,18,17,24.0,22,41,34.0,18,22,15,25.0,21,31.0,8.0,29,16,19,11,23
2022-06-26 00:16:00,6,21.0,26.0,23.0,6,13.0,13,12,24,22,35,13,12,38,16.0,11,16,14,18.0,20,37,30.0,26,12,3,29.0,22,24.0,8.0,33,27,22,15,23
2022-06-26 00:17:00,5,26.0,19.0,22.0,20,8.0,10,9,20,19,28,9,8,17,8.0,8,24,15,23.0,21,25,18.0,19,13,4,17.0,15,21.0,8.0,16,14,10,18,30
2022-06-26 00:18:00,8,30.0,25.0,21.0,2,8.0,7,6,19,12,35,8,9,16,11.0,12,22,21,20.0,22,23,18.0,16,10,8,23.0,16,20.0,9.0,20,19,7,25,15
2022-06-26 00:19:00,9,14.0,15.0,21.0,6,9.0,9,8,18,10,22,11,13,26,13.0,15,19,17,15.0,14,22,15.0,13,6,10,14.0,16,18.0,10.0,15,11,6,12,20
2022-06-26 00:20:00,13,13.0,12.0,15.0,4,5.0,10,6,8,8,21,8,8,9,11.0,6,10,9,15.0,9,11,9.0,8,7,7,9.0,11,13.0,6.0,15,13,11,6,5
2022-06-26 00:21:00,7,18.0,9.0,13.0,3,2.0,10,9,13,6,11,6,8,9,10.0,5,11,14,11.0,8,6,7.0,13,5,4,8.0,8,11.0,9.0,8,9,12,12,10
2022-06-26 00:22:00,9,11.0,8.0,8.0,4,4.0,6,6,7,6,11,6,6,16,13.0,3,11,13,11.0,7,5,8.0,9,2,2,8.0,6,11.0,7.0,6,7,11,9,13
2022-06-26 00:23:00,9,10.0,6.0,6.0,2,3.0,8,12,8,4,13,8,3,6,12.0,5,8,14,12.0,7,9,8.0,4,2,2,7.0,8,9.0,6.0,6,6,5,6,18
2022-06-26 00:24:00,10,15.0,6.0,6.0,2,4.0,8,9,10,2,12,5,4,5,11.0,7,7,12,8.0,15,9,7.0,9,2,2,6.0,-,8.0,7.0,6,9,2,6,17
2022-06-27 00:01:00,8,8.0,6.0,7.0,2,3,6,8,11,2,12,2,8,4,12.0,4,8,34,8.0,12,4,6.0,5,2,2,6.0,-,7.0,11,13,5,6,6,11
2022-06-27 00:02:00,12,9.0,8.0,11.0,2,2,7,8,8,3,12,4,7,2,7.0,2,7,8,9.0,9,4,6.0,3,2,2,7.0,-,8.0,11,9,4,7,11,9
2022-06-27 00:03:00,11,8.0,6.0,12.0,2,2,6,8,7,3,11,3,4,2,9.0,4,9,7,8.0,6,3,6.0,5,-,-,5.0,-,8.0,6,9,10,12,7,14
2022-06-27 00:04:00,10,8.0,3.0,11.0,-,2,4,7,4,2,7,5,2,2,7.0,2,6,7,10.0,4,6,3.0,7,-,-,3.0,-,7.0,5,7,6,7,3,20
2022-06-27 00:05:00,6,6.0,2.0,9.0,-,2,5,8,6,3,15,5,4,6,7.0,2,5,6,7.0,8,5,5.0,8,3,-,5.0,-,7.0,4,8,6,3,2,15
2022-06-27 00:06:00,4,6.0,2.0,7.0,3,2,6,7,7,3,9,3,4,7,10.0,2,5,6,6.0,6,2,5.0,7,2,-,4.0,-,6.0,8,5,5,2,5,21
2022-06-27 00:07:00,7,8.0,2.0,6.0,6,-,4,5,5,2,9,2,2,2,8.0,2,3,7,6.0,3,2,3.0,4,2,-,6.0,-,7.0,5,6,7,2,6,18
2022-06-27 00:08:00,6,9.0,2.0,2.0,4,-,3,2,5,2,9,6,3,2,8.0,2,5,9,7.0,13,2,3.0,2,2,-,4.0,-,7.0,7,6,9,4,6,12
2022-06-27 00:09:00,6,6.0,4.0,6.0,2,6,4,5,5,6,24,5,5,7,9.0,-,6,8,6.0,8,2,5.0,3,2,-,6.0,-,13.0,5,8,6,6,6,16
2022-06-27 00:10:00,7,8.0,6.0,12.0,2,5,8,4,11,5,14,5,4,9,10.0,-,15,12,8.0,8,11,7.0,4,6,-,9.0,-,11.0,8,11,13,9,8,25
2022-06-27 00:11:00,8,11.0,5.0,11.0,3,7,7,6,9,6,20,6,8,14,12.0,4,21,15,8.0,6,7,10.0,12,3,-,14.0,-,8.0,6,16,8,10,5,16
2022-06-27 00:12:00,6,6.0,5.0,9.0,4,7,4,7,10,8,10,6,5,5,11.0,2,12,18,6.0,5,2,8.0,9,6,-,10.0,-,11.0,3,11,8,6,7,15
2022-06-27 00:13:00,10,16.0,16.0,11.0,2,6,9,6,20,14,30,7,4,27,12.0,2,13,18,16.0,19,24,20.0,15,10,3,24.0,13,19.0,6,24,13,2,13,29
2022-06-27 00:14:00,11,24.0,12.0,13.0,3,11,11,7,21,14,41,11,5,29,9.0,4,18,18,9.0,14,15,25.0,15,7,8,20.0,13,20.0,9,26,17,18,20,22
2022-06-27 00:15:00,16,12.0,14.0,13.0,6,7,12,6,44,14,40,9,7,34,8.0,4,15,19,10.0,19,21,21.0,19,11,8,25.0,18,22.0,7,31,17,17,10,19
2022-06-27 00:16:00,9,13.0,9.0,11.0,5,6,10,7,21,13,33,6,8,18,11.0,3,49,11,12.0,15,9,19.0,9,6,8,27.0,12,22.0,-,33,16,13,11,19
2022-06-27 00:17:00,12,11.0,9.0,10.0,6,6,7,10,17,8,23,6,5,28,12.0,3,10,17,14.0,20,11,15.0,11,4,4,26.0,9,31.0,-,30,18,18,8,12
2022-06-27 00:18:00,16,9.0,7.0,12.0,9,10,7,8,25,10,26,7,5,27,13.0,4,9,21,14.0,12,7,15.0,18,3,4,22.0,11,18.0,9,20,18,11,7,23
2022-06-27 00:19:00,15,11.0,8.0,13.0,6,10,10,8,17,14,24,12,4,24,11.0,4,11,13,10.0,10,5,24.0,12,5,3,16.0,21,21.0,9,27,13,17,16,18
2022-06-27 00:20:00,11,18.0,15.0,15.0,3,10,17,9,14,19,42,17,8,35,16.0,3,9,18,13.0,16,19,27.0,14,10,8,24.0,21,26.0,8,31,20,12,20,15
2022-06-27 00:21:00,14,12.0,11.0,20.0,5,13,14,6,19,16,38,18,8,29,13.0,7,13,12,16.0,15,25,28.0,17,13,11,20.0,20,23.0,5,34,19,13,10,15
2022-06-27 00:22:00,17,19.0,15.0,15.0,8,11,10,4,18,20,37,11,10,26,12.0,9,13,15,19.0,17,25,18.0,19,13,10,14.0,15,25.0,10,34,21,22,19,24
2022-06-27 00:23:00,7,16.0,21.0,15.0,10,9,9,12,18,14,38,12,11,28,16.0,17,21,14,19.0,17,28,27.0,17,10,13,23.0,17,19.0,10,25,21,16,14,19
2022-06-27 00:24:00,17,20.0,16.0,16.0,8,11,16,13,11,18,37,13,15,24,18.0,11,16,19,16.0,23,27,19.0,18,12,10,21.0,14,24.0,12,34,21,14,14,31
2022-06-28 00:01:00,18,19.0,18.0,16.0,10,8,15,13,14,16,38,15,15,15,14.0,11,14,34,18.0,18,34,21,18,15,9,18.0,19,24.0,10,27,22,11,15,15
2022-06-28 00:02:00,10,24.0,22.0,16.0,4,9,14,12,19,14,33,13,12,19,16.0,15,19,29,28.0,24,29,21,17,13,8,19.0,16,23.0,8,20,15,16,21,18
2022-06-28 00:03:00,12,24.0,16.0,21.0,2,10,11,14,19,15,28,11,15,19,16.0,17,13,21,19.0,20,34,24,14,12,7,21.0,18,18.0,6,21,17,9,12,14
2022-06-28 00:04:00,10,24.0,14.0,17.0,5,9,12,17,22,12,43,20,12,17,14.0,13,9,25,20.0,16,33,21,16,15,6,20.0,15,26.0,8,22,18,7,12,18
2022-06-28 00:05:00,7,15.0,11.0,17.0,7,8,11,6,19,17,29,11,9,18,16.0,19,16,20,16.0,12,14,16,17,8,4,13.0,10,21.0,10,17,11,8,11,21
2022-06-28 00:06:00,12,19.0,14.0,16.0,6,7,11,8,7,13,23,8,14,23,18.0,15,13,23,18.0,13,13,17,13,3,2,13.0,10,15.0,8,18,12,2,17,23
2022-06-28 00:07:00,18,30.0,18.0,24.0,9,9,9,13,24,15,32,18,17,25,19.0,11,18,24,22.0,23,35,18,10,6,2,19.0,14,19.0,7,22,16,2,25,30
2022-06-28 00:08:00,13,27.0,19.0,18.0,6,16,12,9,24,16,45,15,8,19,18.0,22,22,17,19.0,20,32,22,17,13,2,27.0,15,22.0,11,27,17,13,20,21
2022-06-28 00:09:00,13,22.0,20.0,15.0,4,14,15,12,26,18,40,17,14,22,21.0,20,22,19,14.0,18,23,20,11,8,3,23.0,14,19.0,10,25,13,16,16,19
2022-06-28 00:10:00,16,24.0,21.0,21.0,3,9,6,10,12,14,27,8,14,16,17.0,14,30,25,26.0,25,32,-,13,4,3,12.0,12,23.0,12,21,13,7,22,25
2022-06-28 00:11:00,16,17.0,16.0,19.0,3,16,7,8,18,19,33,9,9,19,20.0,10,17,22,19.0,23,26,24,14,6,8,19.0,10,22.0,9,24,16,20,12,37
2022-06-28 00:12:00,16,23.0,27.0,22.0,8,14,9,10,28,20,40,9,15,23,29.0,16,26,32,23.0,23,39,21,17,14,8,24.0,12,31.0,21,29,21,23,22,34
2022-06-28 00:13:00,21,27.0,23.0,26.0,8,17,17,14,27,21,47,17,20,30,27.0,23,32,33,28.0,31,42,20,17,18,9,24.0,15,26.0,20,30,26,19,21,32
2022-06-28 00:14:00,16,19.0,17.0,19.0,9,15,7,12,23,23,24,13,19,2,21.0,14,23,27,17.0,22,27,19,12,11,17,18.0,11,21.0,15,21,9,23,21,27
2022-06-28 00:15:00,18,21.0,22.0,2.0,8,14,8,16,27,16,36,14,17,42,22.0,23,33,31,19.0,22,26,22,18,14,19,24.0,16,27.0,19,30,23,14,30,30
2022-06-28 00:16:00,16,25.0,25.0,2.0,10,23,11,15,29,19,40,22,9,24,21.0,21,30,30,33.0,27,40,27,23,17,18,35.0,18,25.0,16,31,25,25,21,35
2022-06-28 00:17:00,19,29.0,21.0,19.0,10,17,14,14,27,18,33,20,14,27,27.0,24,26,28,23.0,26,42,29,16,21,18,23.0,12,27.0,17,32,19,10,25,-
2022-06-28 00:18:00,19,27.0,22.0,17.0,9,12,17,20,26,23,42,15,19,35,25.0,26,34,38,28.0,26,44,35,18,16,19,26.0,16,27.0,19,24,21,20,23,8
2022-06-28 00:19:00,19,27.0,21.0,20.0,7,16,13,14,24,21,32,18,18,24,26.0,19,27,28,24.0,21,39,27,19,13,22,26.0,15,27.0,16,22,17,19,24,6
2022-06-28 00:20:00,20,26.0,18.0,13.0,7,12,15,16,30,14,42,11,17,10,22.0,11,19,18,19.0,19,15,24,10,15,13,25.0,16,24.0,15,26,23,20,25,2
2022-06-28 00:21:00,14,26.0,26.0,14.0,8,9,13,6,22,17,28,9,12,13,22.0,11,16,23,21.0,17,26,25,10,12,10,21.0,18,29.0,18,21,20,16,17,2
2022-06-28 00:22:00,17,22.0,22.0,12.0,16,7,15,13,23,19,38,10,18,17,20.0,11,20,17,16.0,19,32,23,19,11,7,26.0,16,29.0,17,25,20,13,13,4
2022-06-28 00:23:00,13,25.0,19.0,12.0,7,15,15,10,20,18,53,16,14,20,17.0,16,18,16,23.0,20,43,31,15,16,5,21.0,15,26.0,18,23,20,11,16,4
2022-06-28 00:24:00,15,27.0,23.0,13.0,10,13,12,20,19,17,49,18,11,22,19.0,21,22,23,24.0,21,50,24,18,17,13,28.0,18,26.0,13,25,20,11,18,3
2022-06-29 00:01:00,14,30.0,22.0,21.0,12,12,15,12,22,16,45,20,17,21,24.0,25,22,27,26.0,20,43,28,13,16,8,20.0,17,25.0,19,27,17,18,19,2
2022-06-29 00:02:00,19,24.0,20.0,19.0,8,19,17,8,16,15,44,15,12,14,24.0,20,23,23,24.0,27,43,22,16,14,8,24.0,16,26.0,20,27,18,20,18,8
2022-06-29 00:03:00,19,30.0,19.0,17.0,6,20,14,18,17,22,48,19,18,19,25.0,22,25,27,24.0,22,42,23,20,12,5,22.0,16,14.0,15,17,20,17,26,6
2022-06-29 00:04:00,18,22.0,17.0,15.0,7,16,12,6,23,18,46,17,8,19,12.0,19,12,17,25.0,29,36,25,20,12,9,21.0,18,27.0,18,28,23,16,7,7
2022-06-29 00:05:00,23,29.0,17.0,11.0,6,7,17,7,25,16,36,13,12,18,21.0,13,21,24,22.0,17,33,25,6,16,7,22.0,15,22.0,21,26,12,14,18,4
2022-06-29 00:06:00,14,27.0,24.0,8.0,7,10,15,15,20,20,39,14,19,17,20.0,20,20,16,20.0,18,36,26,13,18,8,16.0,16,25.0,11,23,17,7,19,4
2022-06-29 00:07:00,13,23.0,23.0,24.0,6,13,14,10,17,18,29,16,11,17,21.0,21,18,24,17.0,18,24,28,14,15,9,8.0,14,25.0,13,16,5,9,15,6
2022-06-29 00:08:00,12,24.0,11.0,12.0,8,7,10,7,17,18,35,7,15,9,24.0,21,22,29,25.0,25,42,15,11,12,9,21.0,10,25.0,9,20,16,17,24,5
2022-06-29 00:09:00,18,25.0,19.0,15.0,11,8,13,16,24,18,39,16,16,19,18.0,17,26,21,25.0,24,34,23,11,6,8,21.0,15,22.0,7,25,20,17,22,6
2022-06-29 00:10:00,22,31.0,21.0,20.0,9,10,11,9,23,19,47,18,13,25,22.0,17,27,29,22.0,21,39,23,18,7,9,20.0,15,26.0,12,24,16,15,21,3
2022-06-29 00:11:00,15,28.0,24.0,20.0,7,22,20,12,26,20,43,19,16,38,24.0,21,32,38,21.0,24,42,34,19,15,17,27.0,25,25.0,16,27,19,20,30,5
2022-06-29 00:12:00,14,24.0,20.0,13.0,9,11,10,7,25,18,39,17,17,18,18.0,13,29,30,24.0,25,27,24,16,16,11,24.0,20,25.0,10,27,17,21,27,8
2022-06-29 00:13:00,24,26.0,19.0,16.0,8,15,11,11,24,17,42,11,19,35,23.0,19,26,35,28.0,25,42,27,16,16,22,24.0,19,22.0,13,22,21,16,20,6
2022-06-29 00:14:00,18,25.0,23.0,16.0,6,14,18,11,24,20,40,18,16,17,29.0,16,27,35,26.0,21,35,21,17,11,15,22.0,19,20.0,15,25,21,-,24,5
2022-06-29 00:15:00,15,23.0,20.0,19.0,7,17,14,11,24,22,39,10,15,23,24.0,16,32,35,22.0,25,45,22,12,20,18,23.0,19,26.0,15,25,27,-,24,3
2022-06-29 00:16:00,23,22.0,16.0,15.0,6,12,9,10,20,22,31,14,11,24,21.0,22,21,45,21.0,27,25,22,11,13,17,24.0,16,29.0,13,22,21,17,26,6
2022-06-29 00:17:00,17,18.0,17.0,12.0,4,11,14,10,22,19,34,9,10,16,21.0,16,30,38,27.0,25,36,25,17,13,25,22.0,17,24.0,10,19,19,20,15,6
2022-06-29 00:18:00,20,26.0,20.0,15.0,6,19,14,6,22,17,35,18,16,25,21.0,21,23,30,27.0,24,34,25,20,18,18,24.0,14,25.0,16,23,21,16,19,-
2022-06-29 00:19:00,23,27.0,21.0,20.0,9,15,12,9,23,17,35,12,17,25,23.0,15,23,19,20.0,20,37,25,13,16,14,18.0,16,23.0,15,25,14,16,17,-
2022-06-29 00:20:00,12,23.0,21.0,16.0,8,11,12,7,23,19,25,8,13,9,18.0,17,20,19,14.0,17,26,19,9,14,13,20.0,9,22.0,8,15,15,16,18,3
2022-06-29 00:21:00,15,26.0,19.0,12.0,4,11,10,6,22,20,42,18,16,26,22.0,17,21,21,23.0,14,40,26,18,15,13,23.0,17,27.0,12,27,17,12,24,7
2022-06-29 00:22:00,15,27.0,15.0,15.0,10,18,19,16,22,17,45,11,13,22,24.0,19,22,24,17.0,18,38,25,17,15,7,27.0,17,27.0,16,20,20,11,20,5
2022-06-29 00:23:00,15,28.0,17.0,15.0,11,11,7,9,19,16,36,14,11,20,23.0,14,16,17,15.0,19,31,25,14,15,5,17.0,17,26.0,16,23,17,12,13,2
2022-06-29 00:24:00,13,24.0,14.0,11.0,8,8,14,13,18,17,34,18,7,19,16.0,17,14,21,20.0,21,29,24,12,12,5,23.0,13,25.0,10,31,23,6,17,15
2022-06-30 00:01:00,15,23.0,18.0,11.0,6,15,12,9,18,15,46,11,16,18,20,20,21,21,18.0,20,29,20,16,16,8,18.0,15,16.0,11,20,17,2,27,9
2022-06-30 00:02:00,18,25.0,26.0,18.0,12,17,12,12,18,15,43,14,8,21,19,14,16,20,19.0,20,24,23,19,13,5,13.0,18,18.0,20,22,14,19,16,4
2022-06-30 00:03:00,25,17.0,15.0,15.0,9,11,11,11,16,14,33,13,18,16,17,20,15,19,14.0,17,25,21,13,10,3,16.0,16,17.0,13,17,18,13,13,-
2022-06-30 00:04:00,10,21.0,14.0,14.0,10,8,10,19,19,13,37,15,9,12,14,15,12,20,17.0,17,27,14,17,7,3,22.0,16,25.0,16,18,13,15,15,-
2022-06-30 00:05:00,13,15.0,15.0,16.0,6,9,14,10,10,11,27,11,9,17,18,9,16,19,23.0,14,22,15,13,4,2,8.0,10,18.0,13,15,8,11,14,4
2022-06-30 00:06:00,16,27.0,17.0,15.0,7,14,11,11,10,7,31,13,12,22,15,8,15,19,17.0,12,26,17,12,2,2,16.0,13,18.0,12,19,16,13,13,1
2022-06-30 00:07:00,13,20.0,12.0,15.0,7,12,10,9,7,6,23,11,12,16,15,12,17,15,16.0,10,23,12,12,2,2,12.0,13,18.0,12,12,16,8,12,-
2022-06-30 00:08:00,22,16.0,12.0,19.0,9,12,9,9,8,6,24,8,14,2,19,12,18,26,8.0,9,15,10,10,2,2,8.0,11,14.0,13,10,13,11,16,1
2022-06-30 00:09:00,20,12.0,10.0,15.0,6,8,10,13,8,5,22,8,16,6,16,19,23,24,14.0,9,17,9,17,2,2,11.0,10,12.0,2,18,11,18,15,-
2022-06-30 00:10:00,14,8.0,6.0,23.0,14,10,13,9,18,7,22,11,9,19,21,15,23,29,11.0,9,13,12,11,2,-,10.0,10,16.0,24,14,15,20,14,-
2022-06-30 00:11:00,20,9.0,7.0,13.0,12,10,11,14,17,6,24,11,17,18,21,-,19,24,15.0,9,12,10,15,3,4,11.0,9,15.0,12,23,16,21,9,-
2022-06-30 00:12:00,23,8.0,7.0,18.0,11,12,10,8,20,12,22,11,5,20,19,-,13,29,15.0,18,22,8,12,5,3,15.0,13,18.0,19,-,18,15,7,23
2022-06-30 00:13:00,17,13.0,10.0,20.0,10,12,9,9,15,11,24,8,2,19,14,10,14,20,13.0,16,14,12,17,7,2,15.0,14,15.0,10,-,15,21,12,19
2022-06-30 00:14:00,19,12.0,11.0,10.0,8,9,9,7,12,12,25,11,9,24,17,11,12,23,15.0,6,13,10,15,10,5,16.0,13,17.0,8,11,16,17,8,24
2022-06-30 00:15:00,16,10.0,8.0,12.0,8,8,13,10,11,8,28,8,9,45,15,7,12,33,16.0,14,22,15,14,7,5,14.0,11,16.0,17,21,19,20,6,24
2022-06-30 00:16:00,21,14.0,8.0,15.0,9,11,14,16,10,5,28,8,-,20,-,13,16,30,14.0,12,12,15,16,3,67,17.0,12,14.0,11,22,20,21,10,20
2022-06-30 00:17:00,19,12.0,8.0,16.0,6,8,12,10,9,4,32,13,-,25,16,10,20,30,19.0,17,12,17,15,2,2,21.0,10,13.0,21,19,23,16,10,20
2022-06-30 00:18:00,15,10.0,10.0,16.0,10,12,15,6,12,5,46,11,7,86,20,18,17,29,17.0,16,20,14,16,5,2,15.0,10,12.0,12,19,24,11,13,11
2022-06-30 00:19:00,14,13.0,11.0,18.0,13,11,10,7,14,9,32,12,5,21,14,10,16,19,16.0,15,16,10,14,4,5,15.0,15,14.0,10,17,23,16,10,14
2022-06-30 00:20:00,22,11.0,9.0,16.0,7,9,16,6,17,10,17,12,14,19,14,8,11,19,13.0,14,15,13,12,5,7,15.0,6,16.0,10,18,19,17,12,14
2022-06-30 00:21:00,23,20.0,14.0,16.0,6,9,12,6,13,11,6,13,16,26,15,8,15,20,22.0,14,20,13,12,8,5,11.0,12,18.0,16,21,22,2,8,12
2022-06-30 00:22:00,17,14.0,11.0,12.0,6,9,18,18,17,9,2,10,22,24,14,8,10,28,24.0,16,24,16,8,10,4,19.0,12,14.0,15,17,17,8,9,11
2022-06-30 00:23:00,12,13.0,14.0,16.0,7,8,15,8,18,13,19,10,15,26,13,8,10,20,11.0,15,17,15,10,11,3,16.0,10,19.0,9,22,34,9,11,12
2022-06-30 00:24:00,9,16.0,18.0,12.0,5,7,15,11,8,13,14,7,15,7,13,9,12,11,37.0,9,9,15,9,9,7,10.0,9,24.0,8,7,3,9,15,13
