대기오염 종류,광역시도,시군구,읍면동,2020.01,2020.02,2020.03,2020.04,2020.05,2020.06,2020.07,2020.08,2020.09,2020.1,2020.11,2020.12
도시대기,서울특별시,중구,예관동,0.014,0.018,0.025,0.031,0.03,0.037,0.031,0.019,0.03,0.024,0.015,0.015
도시대기,서울특별시,종로구,수송동,0.013,0.015,0.023,0.032,0.03,0.041,0.033,0.021,0.031,0.025,0.017,0.017
도시대기,서울특별시,중랑구,신내동,0.013,0.017,0.024,0.032,0.032,0.041,0.029,0.019,0.028,0.023,0.015,0.013
도시대기,서울특별시,동대문구,용두동,0.013,0.018,0.027,0.036,0.035,0.045,0.032,0.021,0.029,0.023,0.015,0.015
도시대기,서울특별시,은평구,녹번동,0.017,0.022,0.031,0.041,0.042,0.051,0.035,0.021,0.032,0.027,0.02,0.018
도시대기,서울특별시,마포구,성산동,0.014,0.015,0.023,0.032,0.032,0.04,0.028,0.018,0.026,0.02,0.013,0.012
도시대기,서울특별시,영등포구,당산동,0.012,0.017,0.025,0.035,0.033,0.042,0.029,0.019,0.027,0.02,0.013,0.012
도시대기,서울특별시,동작구,노량진동,0.012,0.016,0.023,0.031,0.028,0.038,0.026,0.018,0.026,0.025,0.016,0.014
도시대기,서울특별시,관악구,봉천동,0.012,0.016,0.024,0.035,0.033,0.044,0.03,0.021,0.028,0.022,0.014,0.013
도시대기,서울특별시,강남구,삼성동,0.014,0.019,0.027,0.038,0.036,0.046,0.03,0.019,0.028,0.022,0.015,0.014
도시대기,서울특별시,금천구,시흥동,0.011,0.016,0.023,0.031,0.028,0.038,0.027,0.018,0.025,0.019,0.015,0.015
도시대기,서울특별시,강동구,성내동,0.012,0.017,0.025,0.035,0.033,0.04,0.025,0.014,0.024,0.019,0.014,0.014
도시대기,서울특별시,강북구,수유동,0.016,0.019,0.029,0.033,0.028,0.037,0.027,0.017,0.026,0.025,0.017,0.016
도시대기,서울특별시,성북구,삼선동,0.014,0.018,0.026,0.035,0.034,0.043,0.027,0.018,0.026,0.021,0.012,0.013
도시대기,서울특별시,용산구,이태원동,0.013,0.017,0.027,0.034,0.028,0.037,0.027,0.016,0.024,0.018,0.012,0.011
도시대기,서울특별시,광진구,자양동,0.012,0.016,0.023,0.033,0.04,0.053,0.038,0.02,0.021,0.015,0.01,0.011
도시대기,서울특별시,성동구,행당동,0.014,0.018,0.027,0.039,0.034,0.042,0.029,0.018,0.028,0.021,0.015,0.016
도시대기,서울특별시,도봉구,방학동,0.018,0.022,0.032,0.04,0.04,0.05,0.032,0.019,0.03,0.025,0.019,0.019
도시대기,서울특별시,서대문구,연희동,0.016,0.02,0.03,0.039,0.038,0.047,0.033,0.021,0.029,0.026,0.017,0.015
도시대기,서울특별시,구로구,구로동,0.018,0.023,0.034,0.042,0.039,0.049,0.036,0.019,0.028,0.023,0.015,0.015
도시대기,서울특별시,서초구,서초동,0.019,0.024,0.033,0.045,0.042,0.052,0.036,0.021,0.027,0.022,0.015,0.015
도시대기,서울특별시,강서구,화곡동,0.014,0.019,0.028,0.035,0.033,0.039,0.032,0.02,0.03,0.023,0.015,0.015
도시대기,서울특별시,송파구,신천동,0.011,0.015,0.024,0.035,0.036,0.048,0.03,0.017,0.027,0.02,0.014,0.014
도시대기,서울특별시,양천구,신정동,0.013,0.018,0.026,0.035,0.033,0.041,0.03,0.018,0.029,0.022,0.014,0.013
도시대기,서울특별시,노원구,노원동,0.013,0.017,0.024,0.036,0.039,0.049,0.034,0.022,0.03,0.024,0.016,0.017
도시대기,부산광역시,중구,광복동,0.023,0.026,0.032,0.044,0.037,0.03,0.022,0.026,0.034,0.035,0.025,0.026
도시대기,부산광역시,남구,대연동,0.024,0.028,0.034,0.044,0.036,0.037,0.028,0.025,0.038,0.039,0.027,0.024
도시대기,부산광역시,사상구,학장동,0.017,0.022,0.029,0.038,0.036,0.034,0.027,0.025,0.03,0.026,0.016,0.015
도시대기,부산광역시,사상구,덕포동,0.019,0.023,0.031,0.041,0.04,0.038,0.023,0.024,0.031,0.027,0.016,0.014
도시대기,부산광역시,북구,덕천동,0.019,0.023,0.032,0.042,0.041,0.04,0.028,0.026,0.035,0.03,0.018,0.015
도시대기,부산광역시,북구,화명동,-,-,0.033,0.044,0.044,0.044,0.029,0.027,0.035,0.034,0.022,0.021
도시대기,부산광역시,강서구,명지동,-,-,-,-,-,-,-,-,0.030*,0.032,0.023,0.021
도시대기,부산광역시,사하구,장림동,0.019,0.025,0.033,0.044,0.04,0.039,0.027,0.028,0.034,0.032,0.02,0.018
도시대기,부산광역시,사하구,당리동,0.024,0.029,0.035,0.047,0.043,0.042,0.029,0.029,0.039,0.037,0.024,0.022
도시대기,부산광역시,부산진구,전포동,0.02,0.024,0.033,0.041,0.037,0.037,0.025,0.023,0.033,0.03,0.019,0.019
도시대기,부산광역시,부산진구,개금동,0.017,0.022,0.03,0.04,0.038,0.038,0.026,0.026,0.033,0.027,0.016,0.013
도시대기,부산광역시,연제구,연산동,0.023,0.026,0.033,0.043,0.036,0.038,0.028,0.025,0.036,0.032,0.021,0.021
도시대기,부산광역시,영도구,태종대,0.03,0.036,0.042,0.051,0.042,0.039,0.03,0.025,0.038,0.038,0.028,0.029
도시대기,부산광역시,영도구,청학동,-,-,0.04,0.052,0.048,0.045,0.033,0.031,0.041,0.04,0.029,0.027
도시대기,부산광역시,금정구,청룡동,0.024,0.027,0.03,0.037,0.038,0.04,0.027,0.024*,0.032**,0.034,0.024,0.024
도시대기,부산광역시,금정구,부곡동,0.022,0.024,0.032,0.042,0.041,0.04,0.029,0.028,0.034,0.033,0.022,0.021
도시대기,부산광역시,금정구,회동동,-,-,-,-,-,-,-,-,-,0.026*,0.02,0.019
도시대기,부산광역시,해운대구,좌동,0.027,0.029,0.039,0.047,0.04,0.038,0.028,0.03,0.036,0.034,0.024,0.024
도시대기,부산광역시,해운대구,재송동,-,-,0.035,0.044,0.041,0.039,0.029,0.026,0.036,0.034,0.022,0.02
도시대기,부산광역시,강서구,대저동,0.019,0.022,0.03,0.04,0.039,0.042,0.026,0.022,0.028,0.026,0.019,0.018
도시대기,부산광역시,강서구,녹산동,0.024,0.026,0.028,0.037,0.034,0.031,0.021,0.019,0.028,0.03,0.02,0.02
도시대기,부산광역시,기장군,기장읍,0.029,0.032,0.038,0.048,0.046,0.043,0.032,0.03,0.039,0.039,0.029,0.029
도시대기,부산광역시,기장군,용수리,0.027,0.03,0.038,0.047,0.044,0.044,0.031,0.031,0.037,0.038,0.028,0.027
도시대기,부산광역시,수영구,광안동,0.026,0.029,0.037,0.05,0.046,0.044,0.031,0.029,0.039,0.036,0.024,0.022
도시대기,부산광역시,동래구,명장동,0.024,0.027,0.035,0.044,0.042,0.045*,0.031,0.028,0.037,0.034,0.023,0.02
도시대기,부산광역시,동구,수정동,0.031,0.033,0.04,0.051,0.042,0.04,0.027,0.022,0.039,0.04,0.028,0.028
도시대기,부산광역시,서구,대신동,0.025,0.03,0.039,0.049,0.043,0.042,0.027,0.027,0.039,0.04,0.026,0.025
도시대기,대구광역시,중구,수창동,0.019,0.025,0.032,0.044,0.043,0.049,0.031,0.026,0.033,0.027,0.015,0.014
도시대기,대구광역시,서구,이현동,0.017,0.022,0.029,0.038,0.038,0.043,0.028,0.025,0.028,0.022,0.015,0.016
도시대기,대구광역시,남구,대명동,0.021,0.024,0.029,0.038,0.038,0.042,0.025,0.022,0.027,0.024,0.019,0.018
도시대기,대구광역시,북구,노원동,0.018,0.023,0.031,0.043,0.042,0.046,0.03,0.023,0.026,0.024,0.016,0.011**
도시대기,대구광역시,북구,태전동,0.018,0.022,0.031,0.042,0.04,0.045,0.027,0.02,0.026,0.024,0.018,0.017
도시대기,대구광역시,동구,신암동,0.018,0.021,0.029,0.037,0.038,0.042,0.026,0.022,0.025,0.022,0.015,0.014
도시대기,대구광역시,동구,서호동,0.016,0.02,0.029,0.039,0.037,0.04,0.025,0.012**,0,0,0.016,0.015
도시대기,대구광역시,수성구,만촌동,0.022,0.028,0.033,0.044,0.044,0.048,0.027,0.024,0.032,0.027,0.018,0.018
도시대기,대구광역시,수성구,지산동,0.018,0.024,0.032,0.041,0.04,0.044,0.026,0.024,0.029,0.027,0.018,0.016
도시대기,대구광역시,수성구,시지동,0.016,0.021,0.028,0.037,0.037,0.041,0.025,0.021,0.03,0.027,0.018,0.017
도시대기,대구광역시,달서구,호림동,0.016,0.021,0.026,0.039,0.041,0.045,0.03,0.025,0.028,0.027,0.02,0.019
도시대기,대구광역시,달서구,진천동,0.015,0.02,0.029,0.039,0.039,0.044,0.027,0.025,0.03,0.029,0.02,0.019
도시대기,대구광역시,달서구,본동,-,-,0.023**,0.036,0.038,0.042,0.024,0.021,0.024,0.022,0.014,0.014
도시대기,대구광역시,달성군,유가읍,-,-,0.033,0.04,0.047,0.054,0.025,0.023,0.029,0.029,0.02,0.02
도시대기,대구광역시,달성군,다사읍,0.02,0.025,0.035,0.044,0.043,0.046,0.029,0.025,0.029,0.026,0.02,0.019
도시대기,인천광역시,중구,신흥동,0.021,0.024,0.032,0.042,0.038,0.043,0.035,0.02,0.036,0.031,0.021,0.018
도시대기,인천광역시,중구,삼산동,0.015,0.019,-,-,-,-,-,-,-,-,-,-
도시대기,인천광역시,중구,운서동,0.024,0.026,0.034,0.039,0.035,0.042,0.033,0.022,0.033,0.032,0.023,0.021
도시대기,인천광역시,중구,영종동,-,-,-,-,-,-,-,-,0.039*,0.041,0.028,0.026
도시대기,인천광역시,동구,송림동,0.018,0.021,0.031,0.041,0.033,0.037,0.027,0.015,0.025,0.024,0.016,0.017
도시대기,인천광역시,남동구,구월동,0.014,0.018,0.025,0.036,0.033,0.039,0.028,0.019,0.027,0.02,0.015,0.013
도시대기,인천광역시,남동구,고잔동,0.015,0.02,0.029,0.038,0.034,0.041,0.040**,0,0.032*,0.027,0.02,0.019
도시대기,인천광역시,남동구,논현동,0.014,0.019,0.029,0.039,0.034,0.04,0.028,0.018,0.021,0.021,0.015,0.014
도시대기,인천광역시,남동구,서창동,-,-,-,-,-,-,-,-,0.025*,0.02,0.015,0.014
도시대기,인천광역시,남구,숭의동,-,-,-,-,-,0.04,-,-,-,-,-,-
도시대기,인천광역시,부평구,부평동,0.016,0.02,0.028,0.037,0.035,0.042,0.03,0.02,0.03,0.024,0.016,0.016
도시대기,인천광역시,부평구,삼산동,-,-,0.028,0.036,0.034,0.041,0.029,0.02,0.028,0.022,0.015,0.015
도시대기,인천광역시,옹진군,영흥면,-,-,0.028,0.053,0.052,0.056,0.045,0.031,0.047,0.046,0.035,0.034
도시대기,인천광역시,서구,연희동,0.022,0.026,0.036,0.042,0.042,0.045,0.035,0.022,0.037,0.035,0.025,0.022
도시대기,인천광역시,서구,석남동,0.018,0.023,0.032,0.042,0.039,0.045,0.036,0.024,0.035,0.029,0.02,0.019
도시대기,인천광역시,서구,검단동,0.021,0.025,0.034,0.043,0.042,0.044,0.035,0.019,0.031,0.024,0.016,0.016
도시대기,인천광역시,서구,원당동,0.015,0.02,0.028,0.035,0.034,0.039,0.03,0.017,0.027,0.022,0.016,0.014
도시대기,인천광역시,서구,청라동,0.019,0.024,0.032,0.043,0.041,0.046,0.036,0.023,0.033,0.029,0.021,0.019
도시대기,인천광역시,계양구,계산동,0.022,0.023,0.033,0.05,0.046,0.052,0.037,0.022,0.034*,0.03,0.02,0.019
도시대기,인천광역시,강화군,송해면,0.027,0.03,0.038,0.044,0.042,0.047**,0,0,0,0.032*,0.028,0.024
도시대기,인천광역시,강화군,길상동,0.023,0.027,0.036,0.043,0.043,0.048,0.038,0.021,0.034,0.029,0.021,0.019
도시대기,인천광역시,연수구,동춘동,0.016,0.021,0.031,0.04,0.036,0.043,0.032,0.02,0.032,0.024,0.016,0.015
도시대기,인천광역시,연수구,송도동,0.019,0.024,0.034,0.044,0.041,0.048,0.037,0.025,0.037,0.03,0.022,0.02
도시대기,인천광역시,연수구,아암동,-,-,-,-,-,-,-,-,0.036**,0.029,0.023,0.021
도시대기,인천광역시,미추홀구,숭의동,0.018,0.021,0.029,0.039,0.035,0.04,0.032,0.021,0.032,0.029,0.02,0.018
도시대기,인천광역시,미추홀구,주안동,-,-,-,-,-,-,-,-,0.036**,0.029,0.02,0.019
도시대기,광주광역시,동구,서석동,0.023,0.03,0.038,0.046,0.043,0.046,0.031,0.023,0.034,0.032,0.023,0.019
도시대기,광주광역시,서구,농성동,0.018,0.023,0.03,0.04,0.041,0.042,0.027,0.021,0.031,0.029,0.019,0.017
도시대기,광주광역시,서구,유촌동,-,-,-,-,-,-,-,-,-,-,-,0.016
도시대기,광주광역시,북구,두암동,0.024,0.028,0.036,0.047,0.043,0.041,0.027,0.021,0.031,0.029,0.019,0.014
도시대기,광주광역시,북구,건국동,0.024,0.029,0.032,0.039,0.038,0.039,0.028,0.020*,0.024,0.026,0.021,0.02
도시대기,광주광역시,북구,일곡동,-,-,-,-,-,-,-,-,-,-,-,0.023
도시대기,광주광역시,광산구,송정1동,0.019,0.024,0.029,0.038,0.038,0.037,0.027,0.019,0.027,0.025,0.014**,-
도시대기,광주광역시,광산구,오선동,0.023,0.028,0.034,0.043,0.042,0.04,0.029,0.02,0.029,0.028,0.021,0.019
도시대기,광주광역시,광산구,평동,-,-,0.037,0.049,0.047,0.045,0.032,0.015**,0.031,0.03,0.022,0.019
도시대기,광주광역시,광산구,우산동,-,-,-,-,-,-,-,-,-,-,0.024*,0.018
도시대기,광주광역시,남구,주월동,0.017,0.021,0.028,0.04,0.039,0.036,0.025,0.02,0.028,0.025,0.017,0.013
도시대기,광주광역시,남구,노대동,-,-,0.034,0.042,0.042,0.038,0.029,0.021,0.026,0.027,0.024,0.019
도시대기,대전광역시,대덕구,읍내동,0.012,0.016,0.023,0.031,0.034,0.049,0.029,0.023,0.029,0.02,0.014,0.011
도시대기,대전광역시,대덕구,문평동,0.015,0.019,0.029,0.038,0.036,0.04,0.024,0.018,0.028*,0.022,0.017,0.015
도시대기,대전광역시,중구,문창동,0.016,0.022,0.034,0.046,0.042,0.048,0.028,0.02,0.032,0.027,0.018,0.014
도시대기,대전광역시,유성구,상대동,0.019,0.018,0.032,0.043,0.041,0.053,0.033,0.025,0.034,0.027,0.019,0.017
도시대기,대전광역시,유성구,구성동,0.02,0.022,0.033,0.04,0.038,0.051,0.032,0.022,0.034*,0.028,0.02,0.018
도시대기,대전광역시,유성구,노은동,0.013,0.017,0.026,0.034,0.031,0.044,0.029,0.017,0.025,0.021,0.016,0.015
도시대기,대전광역시,유성구,관평동,-,-,-,-,-,-,-,-,-,-,-,0.016
도시대기,대전광역시,동구,성남동,0.016,0.021,0.028,0.035,0.037,0.057,0.036,0.027,0.036,0.03,0.018,0.013
도시대기,대전광역시,동구,대성동,0.014,0.019,0.029,0.04,0.033,0.037,0.022,0.017,0.026,0.024,0.017,0.013
도시대기,대전광역시,서구,정림동,0.016,0.023,0.033,0.045,0.041,0.047,0.029,0.02,0.033,0.027,0.017,0.015
도시대기,대전광역시,서구,둔산동,0.012,0.015,0.021,0.03,0.035,0.055,0.036,0.028,0.039,0.027,0.018,0.014
도시대기,울산광역시,중구,성남동,0.026,0.029,0.037,0.046,0.044,0.041,0.029,0.028,0.035,0.033,0.021,0.023
도시대기,울산광역시,중구,약사동,0.029,0.033,-,0.046,0.043,0.04,0.029,0.028,0.037,0.038,0.027,0.029
도시대기,울산광역시,남구,부곡동,0.025,0.033,0.038,0.045,0.043,0.041,0.025,0.025,0.033,0.032,0.023,0.024
도시대기,울산광역시,남구,여천동,0.024,0.027,0.032,0.041,0.037,0.034,0.026,0.022,0.032,0.033,0.022,0.024
도시대기,울산광역시,남구,야음동,0.025,0.029,0.038,0.047,0.045,0.044,0.03,0.029,0.038,0.036,0.025,0.023
도시대기,울산광역시,남구,신정동,0.021,0.023,0.028,0.034,0.034,0.034,0.025,0.028,0.035,0.04,0.028,0.026
도시대기,울산광역시,남구,무거동,0.019,0.022,0.029,0.036,0.034**,0.035*,0.024,0.025,0.028,0.026,0.017,0.019
도시대기,울산광역시,남구,삼산동,0.024,0.027,0.035,0.044,0.041,0.038,0.026,0.025,0.033,0.033,0.021,0.021
도시대기,울산광역시,울주군,덕신리,0.024,0.028,0.037,0.046,0.043,0.043,0.028,0.027,0.040**,0.031,0.022,0.024
도시대기,울산광역시,울주군,웅촌면,-,-,0.038,0.046,0.044,0.044,0.029,0.026,0.034,0.031,0.023,0.024
도시대기,울산광역시,울주군,범서읍,-,-,-,-,-,-,-,-,0.033,0.032,0.025,0.027
도시대기,울산광역시,울주군,삼남면,0.026,0.031,0.038,0.046,0.044,0.044,0.033,0.029,0.036,0.034,0.028,0.031
도시대기,울산광역시,울주군,화산리,0.024,0.028,0.031,0.036,0.035,0.035,0.024,0.024,0.031,0.034,0.026,0.026
도시대기,울산광역시,울주군,상남리,0.024,0.027,0.034,0.043,0.039,0.038,0.025,0.025,0.031,0.03,0.021,0.023
도시대기,울산광역시,북구,효문동,0.023,0.026,0.031,0.039,0.038,0.032,0.024,0.018,0.029,0.031,0.02,0.021
도시대기,울산광역시,북구,농소동,0.023,0.026,0.029,0.036,0.035,0.033,0.025,0.024,0.032**,0.033,0.024,0.025
도시대기,울산광역시,동구,대송동,0.028,0.033,0.039,0.044*,0.050**,0.045,0.033,0.028,0.04,0.042,0.03,0.029
도시대기,울산광역시,동구,전하동,0.03,0.034,0.043,0.052,0.046,0.043,0.032,0.025,0.04,0.042,0.028,0.027
도시대기,세종특별자치시,세종특별자치시,신흥동,0.017,0.022,0.033,0.043,0.045,0.05,0.032,0.024,0.034,0.026,0.019,0.016
도시대기,세종특별자치시,세종특별자치시,아름동,0.018,0.024,0.036,0.044*,0.047,0.053,0.034,0.024,0.034,0.026,0.02,0.017
도시대기,세종특별자치시,세종특별자치시,한솔동,0.016,0.021,0.034,0.045,0.044,0.051,0.032,0.023,0.033,0.025,0.019,0.017
도시대기,세종특별자치시,세종특별자치시,부강면,0.013,0.017,0.027,0.036,0.04,0.046,0.029,0.022,0.028,0.021,0.016,0.013
도시대기,경기도,수원시,인계동,0.009,0.013*,0.022,0.039,0.037,0.049,0.035,0.022,0.029,0.02,0.014,0.013
도시대기,경기도,수원시,신풍동,0.009,0.018,0.028,0.043,0.041,0.05,0.036,0.026,0.035,0.025,0.017,0.015
도시대기,경기도,수원시,광교동,0.01,0.014,0.021,0.033,0.041,0.043,0.029,0.022,0.03,0.02,0.013,0.011
도시대기,경기도,수원시,영통동,0.011,0.017,0.027,0.042,0.043,0.054,0.036,0.025,0.034,0.026,0.018,0.015
도시대기,경기도,수원시,천천동,0.014,0.02,0.03,0.045,0.042,0.051,0.036,0.025,0.032,0.024,0.017,0.015
도시대기,경기도,수원시,고색동,0.011,0.015,0.021,0.031,0.037,0.043,0.031,0.019,0.029,0.02,0.014,0.011
도시대기,경기도,수원시,호매실동,0.011,0.015,0.023,0.031,0.03,0.039,0.026,0.016,0.026,0.018,0.012,0.01
도시대기,경기도,안양시,안양6동,0.012,0.017,0.025,0.036,0.035,0.045,0.037,0.023,0.031,0.022,0.015,0.012
도시대기,경기도,안양시,부림동,0.013,0.02,0.03,0.04,0.038,0.049,0.034,0.023,0.028,0.022,0.015,0.015
도시대기,경기도,안양시,호계동,0.011,0.017,0.026,0.033**,0.039,0.051,0.033,0.023*,0.025,0.019,0.014,0.012
도시대기,경기도,안양시,안양2동,0.013,0.02,0.03,0.041,0.04,0.051,0.035,0.021,0.028,0.021,0.015,0.014
도시대기,경기도,성남시,단대동,0.015,0.019,0.03,0.042,0.038,0.054,0.036,0.023,0.032,0.024,0.016,0.015
도시대기,경기도,성남시,정자동,0.012,0.017,0.025,0.036,0.036,0.046,0.031,0.021,0.028,0.02,0.014,0.013
도시대기,경기도,성남시,수내동,0.011,0.015,0.027,0.037,0.034,0.047,0.029,0.018,0.024,0.017,0.013,0.012
도시대기,경기도,성남시,복정동,0.013,0.019,0.029,0.039,0.037,0.047,0.03,0.019,0.027,0.019,0.014*,0.015
도시대기,경기도,성남시,상대원동,0.014*,0.016,0.024,0.035,0.032,0.042,0.027,0.018,0.024,0.019,0.013,0.012
도시대기,경기도,성남시,운중동,0.012,0.018,0.029,0.038,0.034,0.045,0.029,0.02,0.026,0.02,0.015,0.014
도시대기,경기도,의정부시,의정부동,0.015,0.022,0.033,0.045,0.047,0.049,0.033,0.022,0.028,0.023,0.017,0.016
도시대기,경기도,의정부시,의정부1동,0.013,0.019,0.027,0.036,0.036,0.043,0.03,0.02,0.024,0.019,0.014,0.012
도시대기,경기도,의정부시,송산3동,-,-,-,-,-,-,-,-,-,-,0.008,0.007
도시대기,경기도,광명시,철산동,0.014,0.019,0.031,0.04,0.037,0.048,0.033,0.022,0.029,0.022,0.015,0.014
도시대기,경기도,광명시,소하동,0.016,0.022,0.031,0.041,0.041,0.053*,0.031*,0.022,0.029,0.023,0.017,0.017
도시대기,경기도,안산시,고잔동,0.016*,0.02,0.03,0.04,0.032,0.038,0.027,0.018,0.025,0.018,0.013,0.011
도시대기,경기도,안산시,원시동,0.015,0.021,0.03,0.041,0.035,0.038,0.038,0.02,0.03,0.022,0.016,0.016
도시대기,경기도,안산시,본오동,0.012,0.019,0.03,0.04,0.038,0.047,0.037*,0,0,0.019**,0.013,0.011
도시대기,경기도,안산시,원곡동,0.014,0.02,0.029,0.035**,-,0,0,0,0,0,0,0
도시대기,경기도,안산시,부곡동,0.012,0.017,0.026,0.033,0.034,0.041,0.029,0.017,0.023,0.017,0.013,0.011
도시대기,경기도,안산시,대부동,0.027,0.031,0.04,0.048,0.045,0.05,0.038,0.024,0.039,0.038,0.03,0.029
도시대기,경기도,안산시,호수동,0.013,0.019,0.027,0.032,0.038,0.046,0.034,0.02,0.031,0.023,0.017,0.015
도시대기,경기도,평택시,비전동,0.017,0.023,0.033,0.045,0.046,0.051,0.033,0.024,0.034,0.025,0.017,0.014
도시대기,경기도,평택시,안중동,0.018,0.019,0.031,0.041,0.04,0.047,0.036,0.022,0.025,0.021,0.015,0.015
도시대기,경기도,평택시,평택항,0.018,0.022,0.031,0.041,0.038,0.042,0.031,0.022,0.03,0.027,0.019,0.019
도시대기,경기도,평택시,송북동,0.015,0.021,0.031,0.042,0.043,0.052,0.035,0.027,0.031,0.023,0.017,0.013
도시대기,경기도,평택시,청북읍,-,-,0.038,0.051,0.049,0.049,0.033,0.024,0.03,0.025,0.019,0.018
도시대기,경기도,과천시,별양동,0.012,0.017,0.027,0.038,0.036,0.047,0.03,0.02,0.028,0.021,0.016,0.015
도시대기,경기도,과천시,과천동,0.014,0.02,0.03,0.041,0.037,0.049,0.032,0.021,0.027,0.02,0.016,0.015
도시대기,경기도,구리시,교문동,0.019,0.024,0.035,0.043,0.043,0.049,0.032,0.022,0.033,0.027,0.021,0.018
도시대기,경기도,구리시,동구동,0.014,0.018,0.027,0.034,0.032,0.042,0.028,0.022,0.022,0.017,0.013,0.012
도시대기,경기도,의왕시,부곡3동,0.011,0.016,0.025,0.042*,0.041,0.05,0.033,0.026,0.031,0.022,0.017,0.015
도시대기,경기도,의왕시,고천동,0.012,0.017,0.025,0.036,0.038,0.044,0.031,0.021,0.03,0.023,0.018,0.014
도시대기,경기도,고양시,행신동,0.018,0.024,0.033,0.041,0.044,0.051,0.034,0.027,0.034,0.03,0.019,0.017
도시대기,경기도,고양시,식사동,0.021,0.024,0.029,0.038,0.039,0.04,0.03,0.031,0.03,0.026,0.019,0.014
도시대기,경기도,고양시,신원동,0.015,0.022,0.032,0.037,0.038,0.048,0.033,0.031,0.027,0.023,0.017,0.014
도시대기,경기도,고양시,주엽동,0.019,0.025,0.032,0.041,0.04,0.048,0.038,0.028,0.034,0.026,0.019,0.018
도시대기,경기도,광주시,경안동,0.01,0.013,0.02,0.033,0.035,0.047,0.03,0.02,0.025,0.016,0.012,0.011
도시대기,경기도,광주시,오포읍,-,-,0.029,0.038,0.037,0.05,0.033,0.022,0.028,0.019,0.016,0.014
도시대기,경기도,광주시,곤지암읍,-,-,-,-,-,-,-,-,-,-,-,0.01
도시대기,경기도,군포시,당동,0.014,0.02,0.028,0.04,0.039,0.049,0.036,0.023,0.03,0.023,0.017,0.015
도시대기,경기도,군포시,산본동,0.016,0.021,0.031,0.045,0.043,0.052,0.035,0.023,0.03,0.023,0.018,0.017
도시대기,경기도,시흥시,정왕동,0.015,0.019,0.026,0.039,0.044,0.05,0.035,0.022,0.034,0.024,0.015,0.014
도시대기,경기도,시흥시,시화산단,0.019,0.024,0.033,0.045,0.042,0.047,0.035,0.023,0.038,0.028,0.021*,0
도시대기,경기도,시흥시,대야동,0.015,0.022,0.033,0.042,0.039,0.049,0.034,0.023,0.027,0.024,0.018,0.017
도시대기,경기도,시흥시,목감동,-,-,0.029,0.039,0.04,0.047,0.03,0.022,0.025,0.017,0.013,0.012
도시대기,경기도,시흥시,장현동,-,-,-,-,-,0.049,0.035,0.024,0.031,0.023,0.017,0.016
도시대기,경기도,부천시,소사본동,0.018,0.023,0.032,0.039,0.041,0.051,0.039,0.036*,0.026,0.022,0.016,0.014
도시대기,경기도,부천시,내동,0.013,0.017,0.025,0.032,0.034,0.043,0.036,0.036,0.027,0.024,0.015,0.014
도시대기,경기도,부천시,중2동,0.013,0.017,0.025,0.038,0.036,0.043,0.032,0.029,0.029,0.022,0.015,0.015
도시대기,경기도,부천시,오정동,0.013,0.019,0.026,0.034,0.032,0.037,0.025,0.015,0.025,0.022,0.015,0.015
도시대기,경기도,남양주시,금곡동,0.014,0.018,0.025,0.033,0.031,0.039,0.026,0.015,0.023,0.017,0.013,0.011
도시대기,경기도,남양주시,오남읍,0.02,0.024,0.033,0.041,0.042,0.049,0.032,0.022,0.031,0.027,0.019,0.017
도시대기,경기도,남양주시,별내동,0.014,0.019,0.03,0.038,0.036,0.046,0.03,0.022,0.025,0.019,0.015,0.015
도시대기,경기도,남양주시,화도읍,0.015,0.02,0.029,0.036,0.036,0.044,0.028,0.025,0.028,0.019,0.015,0.014
도시대기,경기도,용인시,김량장동,0.013,0.018,0.022,0.034,0.036,0.042,0.029,0.019,0.024,0.017,0.014,0.01
도시대기,경기도,용인시,수지동,0.012,0.017,0.025,0.038,0.04,0.045,0.029,0.022,0.029,0.022,0.016,0.016
도시대기,경기도,용인시,기흥동,0.012,0.017,0.025,0.037,0.038,0.046,0.031,0.021,0.028,0.02,0.014,0.013
도시대기,경기도,용인시,모현읍,0.013,0.018,0.028,0.041,0.04,0.052,0.034,0.023,0.029,0.021,0.017,0.015
도시대기,경기도,용인시,이동읍,0.013,0.02,0.027,0.034,0.038,0.048,0.031,0.023,0.027,0.019,0.015,0.012
도시대기,경기도,용인시,백암면,0.016,0.021,0.031,0.046,0.046,0.052,0.035,0.025,0.032,0.022,0.017,0.014
도시대기,경기도,김포시,사우동,0.022,0.028,0.04,0.04,0.04,0.044,0.032,0.022,0.032**,0.031,0.022,0.02
도시대기,경기도,김포시,고촌읍,0.02,0.021,0.026,0.037,0.037,0.044,0.033,0.021,0.029,0.024,0.017,0.018
도시대기,경기도,김포시,통진읍,0.024,-,-,-,-,-,-,-,-,-,-,-
도시대기,경기도,김포시,월곶면,-,-,0.039,0.046,0.05,0.055,0.038,0.026,0.036,0.03,0.023,0.02
도시대기,경기도,김포시,한강신도시,-,-,0.033,0.046,0.047,0.052,0.038,0.024,0.032,0.027,0.02,0.018
도시대기,경기도,오산시,오산동,0.015,0.02,0.028,0.036,0.036,0.05,0.032,0.019,0.028,0.023,0.016,0.015
도시대기,경기도,하남시,신장동,0.013,0.017,0.024,0.028,0.028,0.038,0.028,0.021,0.026,0.019,0.015,0.013
도시대기,경기도,하남시,미사동,-,-,-,-,-,-,-,-,0.033,0.025,0.017,0.014
도시대기,경기도,화성시,남양읍,0.016,0.022,0.032,0.043,0.041,0.048,0.033,0.026,0.03,0.02,0.018,0.016
도시대기,경기도,화성시,향남동,0.018,0.023,0.033,0.043,0.045,0.056,0.039,0.021,0.028,0.024,0.022,0.02
도시대기,경기도,화성시,동탄동,0.015,0.021**,0.033*,0.047,0.048,0.058,0.038,0.027,0.03,0.022,0.016,0.014
도시대기,경기도,화성시,우정읍,0.024,0.026,0.035,0.043,0.041,0.052,0.037,0.023,0.034,0.029,0.021,0.019
도시대기,경기도,화성시,청계동,0.018,0.026,0.036,0.046,0.043,0.054,0.039,0.028,0.037,0.03,0.021,0.018
도시대기,경기도,화성시,새솔동,-,-,-,-,-,0.046,0.031,0.02,0.023,0.02,0.019,0.017
도시대기,경기도,화성시,봉담읍,-,-,-,-,-,-,0.037,0.024,0.031,0.023,0.016,0.015
도시대기,경기도,화성시,서신면,-,-,-,-,-,-,0.037,0.025,0.035,0.031,0.025,0.023
도시대기,경기도,양주시,백석읍,0.019,0.023,0.031,0.037,0.04,0.048,0.033,0.027,0.03,0.025,0.021,0.016
도시대기,경기도,양주시,고읍동,0.017,0.022,0.03,0.04,0.04,0.047,0.033,0.029,0.027,0.023,0.015,0.014
도시대기,경기도,동두천시,보산동,0.018,0.024,0.032,0.04,0.04,0.042,0.028,0.022,0.028,0.022,0.016,0.014
도시대기,경기도,안성시,봉산동,0.018,0.024,0.035,0.045,0.042,0.051,0.033,0.024,0.032,0.026,0.02,0.016
도시대기,경기도,안성시,공도읍,-,-,0.031,0.043,0.042,0.053,0.035,0.023,0.033,0.025,0.018,0.016
도시대기,경기도,안성시,죽산면,-,-,-,-,-,0.051,0.031,0.023,0.028,0.021,0.017,0.013
도시대기,경기도,이천시,창전동,0.018,0.023,0.035,0.048,0.044,0.057,0.032,0.023,0.03,0.022,0.015,0.012
도시대기,경기도,이천시,장호원읍,0.015,0.022,0.033,0.046,0.044,0.054,0.032,0.027,0.03,0.022,0.017,0.013
도시대기,경기도,이천시,부발읍,-,-,0.034,0.044,0.042,0.056,0.035,0.025,0.029,0.021,0.016,0.014
도시대기,경기도,파주시,금촌동,0.016,0.022,0.03,0.038,0.04,0.042,0.03,0.02,0.03,0.023,0.017,0.014
도시대기,경기도,파주시,운정동,0.019,0.024,0.033,0.042,0.043,0.048,0.034,0.021,0.029,0.022,0.016,0.015
도시대기,경기도,파주시,파주읍,-,-,0.033,0.039,0.04,0.044,0.031,0.021,0.028,0.023,0.019,0.017
도시대기,경기도,포천시,선단동,0.019,0.026,0.035,0.044,0.04,0.045,0.031,0.021,0.028,0.022,0.017,0.014
도시대기,경기도,포천시,일동면,0.024,0.029,0.037,0.042,0.035,0.039,0.028,0.022,0.029,0.026,0.023,0.02
도시대기,경기도,여주시,중앙동,0.012,0.017,0.026,0.041,0.043,0.057,0.035,0.028,0.031,0.021,0.014*,0.012
도시대기,경기도,여주시,대신면,-,-,0.032,0.042,0.042,0.055,0.034,0.028,0.028,0.021,0.015,0.014
도시대기,경기도,여주시,가남읍,-,-,-,-,-,-,-,-,-,-,-,0.015
도시대기,경기도,연천군,양평읍,0.019,0.027,0.033,0.039,0.04,0.043,0.028,0.023,0.024,0.019,0.016,0.015
도시대기,경기도,가평군,가평읍,0.02,0.026,0.032,0.039,0.035,0.043,0.026,0.022,0.023,0.021,0.016,0.015
도시대기,경기도,가평군,설악면,-,-,-,-,-,0.043,0.025,0.02,0.021,0.017,0.017,0.018
도시대기,경기도,양평군,양평동,0.017,0.022,-,-,-,-,0.031,0.022,0.027,0.021,0.015,0.014
도시대기,경기도,양평군,용문면,-,-,0.031,0.041,0.038,0.047,0.029,0.019,0.027,0.022,0.016,0.013
도시대기,강원도,양구군,양구읍,0.02,0.028,0.035,0.044,0.037,0.043,0.027,0.02,0.026,0.024,0.021,0.02
도시대기,강원도,고성군,상리동,0.028,0.036,0.039,0.046,0.044,0.045,0.027,0.026,0.029,0.03,0.03,0.032
도시대기,강원도,정선군,정선읍사무소,0.026,0.032,0.044,0.052,0.045,0.053,0.03,0.025,0.034,0.03,0.029,0.028
도시대기,강원도,횡성군,횡성군,0.014,0.019,0.027,0.033,0.032,0.041,0.025,0.019,0.023,0.019,0.014,0.012
도시대기,강원도,춘천시,중앙로,0.016,0.024,0.033,0.043,0.04,0.05,0.03,0.015**,0,0,0.016,0.014
도시대기,강원도,춘천시,석사동,0.015,0.022,0.03,0.041,0.036,0.048,0.03,0.022,0.025,0.019,0.015,0.013
도시대기,강원도,춘천시,신사우동,-,-,-,-,-,0.049,0.032,0.024,0.03,0.026,0.02,0.018
도시대기,강원도,강릉시,옥천동,0.028,0.033,0.039,0.047,0.042,0.047,0.029,0.026,0.035,0.037,0.033,0.033
도시대기,강원도,원주시,중앙동,0.016,0.022,0.031,0.042,0.039,0.051,0.031,0.023,0.029,0.022,0.017,0.013
도시대기,강원도,원주시,문막읍,0.014,0.022,0.029,0.04,0.036,0.048,0.028,0.02,0.027,0.021,0.016,0.012
도시대기,강원도,원주시,반곡동,0.015,0.023,0.035,0.047*,-,0,0.021,0.016,0.018,0.014,0.011,0.009
도시대기,강원도,동해시,천곡동,0.022,0.026,0.03,0.037,0.032,0.033,0.021,0.017,0.026,0.025,0.022,0.025
도시대기,강원도,삼척시,남양동,0.022,0.026,0.031,0.037,0.033,0.035,0.022,0.018,0.027,0.026,0.023,0.023
도시대기,강원도,평창군,평창읍,0.02,0.027,0.035,0.044,0.037,0.046,0.027,0.021,0.027,0.026,0.024,0.021
도시대기,강원도,양양군,양양군,0.032,0.036,0.038,0.046,0.042,0.044,0.029,0.029,0.036,0.034,0.032,0.033
도시대기,강원도,속초시,속초시,0.029,0.032,0.039,0.046,0.045,0.046,-,-,-,-,-,-
도시대기,강원도,속초시,금호동,-,-,-,-,-,-,0.03,0.028,0.034,0.032,0.029,0.03
도시대기,강원도,영월군,영월읍,0.019,0.027,0.036,0.046,0.041,0.049,0.029,0.019,0.029,0.025,0.02,0.019
도시대기,강원도,철원시,철원군,0.025,0.031,0.039,0.048,0.047,0.051,0.034,0.026,0.033,0.028,0.024,0.021
도시대기,강원도,철원시,갈말읍,-,-,-,-,-,-,0.034,0.026,0.033,0.028,0.024,0.021
도시대기,강원도,홍천군,홍천읍,0.013,0.021,0.029,0.038,0.033,0.046,0.029,0.022,0.025,0.019,0.015,0.012
도시대기,강원도,화천군,화천군,0.02,0.026,0.036,0.044,0.039,0.042,0.025,0.016**,0.025,0.023,0.02,0.018
도시대기,강원도,태백시,태백시,0.03,0.037,0.044,0.049,0.045,0.052,0.028,0.025,0.036,0.033,0.034,0.034
도시대기,강원도,인제군,인제군,0.024,0.029,0.037,0.045,0.039,0.045,0.027,0.022,0.028,0.025,0.025,0.027
도시대기,충청북도,괴산군,괴산읍,0.018,0.026,0.036,0.047,0.045,0.049,0.03,0.023,0.03,0.024,0.018,0.014
도시대기,충청북도,괴산군,감물면,-,-,-,-,-,0.047,0.028,0.022,0.027,0.022,0.019,0.016
도시대기,충청북도,음성군,음성읍,0.018,0.026,0.036,0.047,0.045,0.052,0.032,0.022,0.027,0.023,0.019,0.015
도시대기,충청북도,음성군,소이면,-,-,-,-,-,0.049,0.025,0.019,0.026,0.024,0.021,0.018
도시대기,충청북도,청주시,송정동,0.016,0.024,0.03,0.037,0.038,0,0.028,0.02,0.031,0.024,0.017,0.014
도시대기,충청북도,청주시,사천동,0.016,0.021,0.03,0.039,0.037,0.041,0.027,0.021,0.027,0.021,0.015,0.012
도시대기,충청북도,청주시,용담동,-,-,0.025,0.044,0.033,0.034,0.028,0.02,0.028,0.024,0.014,0.012
도시대기,충청북도,청주시,용암동,0.015,0.022,0.029,0.038,0.036,0.039,0.024,0.017,0.028,0.021,0.016,0.012
도시대기,충청북도,청주시,오창읍,0.018,0.024,0.033,0.045,0.04,0.044,0.028,0.022,0.033,0.025,0.018,0.014
도시대기,충청북도,청주시,산남동,0.016,0.02,0.033,0.042,0.041,0.043,0.03,0.023,0.029,0.025,0.02,0.018
도시대기,충청북도,청주시,가덕면,-,-,-,-,-,0.04,0.025,0.018,0.028,0.025,0.021,0.019
도시대기,충청북도,청주시,오송읍,0.018,0.022,0.032,0.044,0.044,0.043,0.024,0.023,0.029,0.024,0.02,0.018
도시대기,충청북도,충주시,호암동,0.017,0.025,0.036,0.048,0.039,0.049,0.028,0.023,0.034,0.025,0.02,0.016
도시대기,충청북도,충주시,칠금동,0.014,0.019,0.026,0.034,0.031,0.036,0.026,0.022,0.028,0.02,0.015,0.012
도시대기,충청북도,충주시,중앙탑면,-,-,0.036,0.047,0.045,0.054,0.031,0.022,0.027,0.024,0.023,0.021
도시대기,충청북도,충주시,살미면,-,-,0.034,0.045,0.038,0.043,0.024,0.017,0.024,0.021,0.018,0.016
도시대기,충청북도,제천시,장락동,0.015,0.022,0.031,0.039,0.036,0,0.025,0.022,0.027,0.021,0.017,0.015
도시대기,충청북도,제천시,영천동,-,-,-,-,-,-,0.029,0.017,0.021,0.021,0.018,0.016
도시대기,충청북도,제천시,청풍면,-,-,-,-,-,-,0.027,0.018,0.024,0.025,0.025,0.026
도시대기,충청북도,단양군,매포읍,0.01,0.015,0.023,0.03,0.023,0.027,0.018,0.019*,0.024,0.017,0.015,0.017
도시대기,충청북도,단양군,단성면,-,-,0.039,0.049,0.044,0.049,0.028,0.019,0.026,0.028,0.024,0.02
도시대기,충청북도,단양군,단양읍,-,-,0.036,0.047,0.039,0.045,0.026,0.017,0.027,0.025,0.021,0.017
도시대기,충청북도,진천시,진천읍,0.017,0.023,0.035,0.038,0.039,0.045,0.028,0.022,0.03,0.026,0.019,0.017
도시대기,충청북도,진천시,덕산읍,-,-,0.039,0.051,0.05,0.057,0.034,0.027,0.032,0.028,0.023,0.019
도시대기,충청북도,옥천군,옥천읍,0.016,0.021,0.028,0.041,0.034,0.038,0.023,0.02,0.026,0.023,0.018,0.017
도시대기,충청북도,옥천군,영동군,-,-,-,-,-,0.037,-,-,-,-,-,-
도시대기,충청북도,옥천군,증평군,-,-,-,-,-,0.043,-,-,-,-,-,-
도시대기,충청북도,영동군,영동읍,0.019,0.027,0.032,0.044,0.036,-,0.026,0.017,0.022,0.025,0.022,0.019
도시대기,충청북도,증평군,증평읍,0.017,0.022,0.03,0.041,0.042,-,0.026,0.019,0.027,0.023,0.019,0.015
도시대기,충청북도,보은시,보은읍,0.02,0.026,0.034,0.045,0.045,0.047,0.03,0.022,0.03,0.025,0.019,0.017
도시대기,충청남도,천안시,성황동,0.012,0.017,-,-,-,0.054,0.036,0.025,0.034,0.027,0.019,0.016
도시대기,충청남도,천안시,백석동,0.018,0.024,0.037,0.049,0.045,0.053,0.036,0.023,0.035,0.028,0.02,0.019
도시대기,충청남도,천안시,성거읍,0.017,0.023,0.034,0.044,0.043,0.051,0.035,0.025,0.034,0.028,0.02,0.016
도시대기,충청남도,천안시,신방동,-,-,0.036,0.042,0.042,0.048,0.034,0.027,0.029,0.023,0.02,0.017
도시대기,충청남도,당진시,송산면,0.022,0.025,0.037,0.041,0.045,0.046,0.036,0.026,0.035,0.032,0.025,0.025
도시대기,충청남도,당진시,당진시청사,0.018,0.028,0.041,0.05,0.047,0.052,0.038,0.029,0.035,0.029,0.024,0.024
도시대기,충청남도,서산시,독곶리,0.028,0.034,0.043,0.052,0.049,0.052,0.04,0.029,0.045,0.044,0.035,0.032
도시대기,충청남도,서산시,동문동,0.024,0.028,0.034,0.041,0.04,0.041,0.032,0.023,0.031**,0,0.026,0.024
도시대기,충청남도,서산시,대산리,0.025,0.031,0.041,0.047,0.046,0.051,0.038,0.026,0.04,0.035,0.028,0.027
도시대기,충청남도,서산시,성연면,-,-,0.039,0.049,0.05,0.054,0.04,0.03,0.037,0.031,0.026,0.027
도시대기,충청남도,아산시,모종동,0.016,0.022,0.033,0.044,0.044,0.051,0.037,0.022,0.036,0.025,0.019,0.016
도시대기,충청남도,아산시,배방읍,0.015,0.021,0.032,0.042,0.041,0.052,0.041*,0.038,0.031,0.024,0.019,0.017
도시대기,충청남도,아산시,도고면,0.019,0.023,0.032,0.039,0.041,0.049,0.035,0.018,0.029,0.024,0.021,0.019
도시대기,충청남도,아산시,둔포면,0.018,0.024,0.035,0.044,0.045,0.053,0.036,0.027,0.034,0.026,0.02,0.018
도시대기,충청남도,아산시,인주면,0.018,0.024,0.034,0.041,0.044,0.051,0.038,0.027,0.032,0.027,0.021,0.019
도시대기,충청남도,논산시,논산동,0.018,0.019,0.026,0.036,0.038,0.042,0.028,0.021,0.03,0.022,0.017,0.017**
도시대기,충청남도,논산시,연무읍사무소,-,-,-,-,-,-,-,0.025,0.038,0.031,0.024,0.02
도시대기,충청남도,태안군,이원면,0.024,0.024,0.028,0.03,0.034,0.043,0.034,0.027,0.04,0.041,0.034,0.036
도시대기,충청남도,태안군,태안읍,0.02,0.024,0.025,0.028,0.035,0.045,0.037,0.027,0.04,0.033,0.026,0.027
도시대기,충청남도,보령시,대천2동,0.017,0.017,0.035,0.038,0.042,0.046,0.036,0.032,0.04,0.032,0.031,0.028
도시대기,충청남도,보령시,주교면,0.025,0.028,0.035,0.038,0.039,0.035,0.024,0.026,0.038,0.03,0.026,0.025
도시대기,충청남도,홍성군,홍성읍,0.02,0.027,0.037,0.039,0.037,0.04,0.035,0.033,0.033,0.028,0.022,0.021
도시대기,충청남도,홍성군,내포동,0.024,0.028,0.041,0.049,0.046,0.049,0.035,0.026,0.04,0.034,0.028,0.026
도시대기,충청남도,공주시,공주동,0.02,0.024,0.034,0.041,0.039,0.043,0.029,0.022,0.03,0.026,0.02,0.019
도시대기,충청남도,공주시,탄천면,-,-,-,-,-,0.049,0.032,0.024,0.034,0.028,0.023,0.02
도시대기,충청남도,부여군,부여읍,0.022,0.026,0.034,0.038,0.037,0.042,0.03,0.02,0.028,0.023,0.019,0.015
도시대기,충청남도,청양군,청양읍,0.021,0.028,0.04,0.041,0.042,0.046,0.037,0.024,0.034,0.025,0.022,0.02
도시대기,충청남도,청양군,정산면사무소,-,-,-,-,-,-,-,-,0.038,0.033,0.027,0.021
도시대기,충청남도,금산군,금산읍,0.016,0.028,0.028,0.037,0.037,0.042,0.028,0.019,0.029,0.023,0.016,0.014
도시대기,충청남도,예산군,예산군,0.02,0.027,0.036,0.041,0.039,0.043,0.033,0.022,0.03,0.024,0.022,0.022
도시대기,충청남도,계룡시,엄사면,0.017,0.02,0.032,0.041,0.038,0.044,0.028,0.02,0.032,0.024,0.018,0.017
도시대기,충청남도,서천시,서천읍,0.019,0.024,0.033,0.045,0.047,0.054,0.037,0.024,0.038,0.032,0.025,0.022
도시대기,충청남도,서천시,서면동,0.02,0.02,0.041,0.05,0.052,0.055,0.042,0.03,0.043,0.04,0.032,0.028
도시대기,충청남도,서천시,장항읍,0.022,0.027,0.034,0.04,0.047,0.054,0.04,0.03,0.046,0.035,0.028,0.025
도시대기,전라북도,임실군,임실읍,0.012,0.011,0.01,0.025,0.04,0.043,0.029,0.021,0.029*,0.026*,0.022,0.019
도시대기,전라북도,전주시,삼천동,0.02,0.027,0.036,0.047,0.047,0.058,0.049,0.029,0.035,0.03,0.023,0.019
도시대기,전라북도,전주시,팔복동,0.017,0.023,0.03,0.041,0.039,0.041,0.031,0.028,0.028,0.028,0.022,0.021
도시대기,전라북도,전주시,노송동,-,-,0.034,0.042,0.044,0.055,0.043,0.033,0.034,0.029,0.022,0.019
도시대기,전라북도,전주시,송천동,0.017,0.025,0.034,0.042,0.048,0.052,0.033,0.025,0.03,0.024,0.018,0.015
도시대기,전라북도,전주시,혁신동,-,-,0.035,0.044,0.045,0.051,0.036,0.023,0.032,0.026,0.016,0.019
도시대기,전라북도,군산시,신풍동,0.011,0.012,0.032,0.042,0.044,0.054,0.038,0.027,0.042,0.037,0.027,0.023
도시대기,전라북도,군산시,소룡동,0.029,0.032,0.039,0.047,0.046,0.052,0.039,0.028,0.04,0.035,0.027,0.022
도시대기,전라북도,군산시,개정동,0.022,0.026,0.032,0.037,0.042*,0.052,0.037,0.025,0.038,0.033,0.026,0.023
도시대기,전라북도,군산시,옥산면,-,-,0.038,0.044,0.045,0.051,0.036,0.026,0.037,0.032,0.024,0.021
도시대기,전라북도,군산시,비응도동,-,-,0.044,0.052,0.05,0.054,0.042,0.031,0.043,0.039,0.025,0.024
도시대기,전라북도,익산시,함열읍,-,-,0.03,0.036,0.037,0.043,0.028,0.021,0.037,0,0,0
도시대기,전라북도,익산시,팔봉동,0.021,0.027,0.035,0.041,0.043,0.051,0.032,0.021,0.034,0.03,0.024,0.021
도시대기,전라북도,익산시,모현동,0.015,0.019,0.026,0.032,0.032,0.038,0.026,0.027,0.036,0.028,0.021,0.017
도시대기,전라북도,익산시,삼기면,-,-,0.036,0.043,0.044,0.051,0.034,0.023,0.036,0.03,0.024,0.02
도시대기,전라북도,익산시,용동면,-,-,0.036,0.043,0.045,0.053,0.035,0.027,0.035,0.028,0.022,0.019
도시대기,전라북도,남원시,죽항동,0.023,0.031,0.034,0.044,0.042,0.044,0.029,0.021,0.031,0.028,0.022,0.02
도시대기,전라북도,정읍시,연지동,0.023,0.03,0.039,0.045,0.048,0.049,0.025,0.018,0.027,0.03,0.022,0.019
도시대기,전라북도,정읍시,신태인,0.019,0.026,0.032,0.041,0.043,0.046,0.031,0.018,0.028,0.026,0.024,0.021
도시대기,전라북도,고창군,고창읍,0.028,0.035,0.043,0.049,0.05,0.045*,0.033,0.023,0.034*,0.037,0.031,0.028
도시대기,전라북도,고창군,심원면,0.031,0.036,0.042,0.049,0.048,0.048,0.037,0.031,0.04,0.04,0.033,0.03
도시대기,전라북도,부안군,부안읍,0.029,0.034,0.043,0.051,0.053,0.055,0.039,0.025,0.038,0.034,0.027,0.025
도시대기,전라북도,김제시,요촌동,0.022,0.03,0.038,0.047,0.049,0.052,0.035,0.024,0.035,0.03,0.023,0.018
도시대기,전라북도,완주군,고산면,0.023,0.029,0.034,0.042,0.039,0.043,0.028,0.02,0.031,0.029,0.024,0.022
도시대기,전라북도,완주군,봉동읍,-,-,0.034,0.042,0.042,0.046,0.03,0.022,0.035,0.03,0.023,0.021
도시대기,전라북도,진안군,진안읍,0.023,0.028,0.035,0.043,0.038,0.039,0.026,0.019,0.027,0.024,0.021,0.019
도시대기,전라북도,무주군,무주읍,0.021,0.03,0.039,0.047,0.043,0.043,0.028,0.022,0.033,0.03,0.024,0.021
도시대기,전라북도,순창군,순창읍,0.022,0.04,0.038,0.046,0.043,0.045,0.03,0.023,0.032,0.03,0.023,0.021
도시대기,전라북도,장수군,장수읍,0.027,0.037,0.042,0.048,0.046,0.05,0.032,0.024,0.031,0.029,0.028,0.024
도시대기,전라남도,화순군,화순읍,0.018,0.025,0.028,0.036,0.038,0.034,0.025,0.019,0.025,0.022,0.019,0.017
도시대기,전라남도,여수시,서강동,0.012,0.018,0.022,0.027,0.026,0.026,0.023,0.02,0.025,0.019,0.017,0.026
도시대기,전라남도,여수시,월내동,0.015,0.022,0.024,0.03,0.036,0.037,0.026,0.022,0.032,0.029,0.024,0.02
도시대기,전라남도,여수시,문수동,0.025,0.031,0.036,0.047,0.045,0.042,0.031,0.027,0.043,0.041,0.028,0.026
도시대기,전라남도,여수시,여천동,0.02,0.028,0.03,0.036,0.04,0.036,0.026,0.023,0.034,0.032,0.025,0.022
도시대기,전라남도,여수시,덕충동,0.027,0.034,0.039,0.044,0.045,0.037,0.027,0.023,0.041,0.04,0.027,0.024
도시대기,전라남도,여수시,화양면,0.028,0.034,0.03,0.037,0.037,0.032,0.035,0.025,0.038,0.036,0.031,0.027
도시대기,전라남도,여수시,율촌면,0.017,0.023,0.026,0.036,0.032,0.032,0.03,0.021,0.029,0.029,0.025,0.023
도시대기,전라남도,여수시,삼일동,0.014,0.025,0.028,0.035,0.039,0.035,0.024,0.022,0.03,0.028,0.024,0.018
도시대기,전라남도,광양시,중동,0.027,0.032,0.037,0.048,0.042,0.042,0.03,0.022,0.037,0.035,0.025,0.022
도시대기,전라남도,광양시,태인동,0.026,0.031,0.034,0.043,0.035,0.031,0.022,0.015,0.028,0.028,0.021,0.02
도시대기,전라남도,광양시,진상면,0.021,0.026,0.027,0.032,0.026,0.032,0.027,0.030*,0.032,0.031,0.024,0.02
도시대기,전라남도,광양시,광양읍,0.025,0.031,0.036,0.047,0.042,0.041,0.03,0.024,0.034,0.034,0.024,0.023
도시대기,전라남도,순천시,장천동,0.028,0.033,0.039,0.049,0.043,0.042,0.029,0.023,0.032,0.036,0.031,0.03
도시대기,전라남도,순천시,연향동,0.032,0.036,0.041,0.055,0.049,0.05,0.036,0.035,0.039,0.036,0.028,0.028
도시대기,전라남도,순천시,순천만,0.029,0.036,0.039,0.052,0.044,0.045,0.032,0.025,0.038**,0,0,0.031
도시대기,전라남도,순천시,호두리,0.031,0.037,0.042,0.054,0.059,0.047,0.032,0.024,0.044,0.044**,0,0.031
도시대기,전라남도,순천시,신대동,0.031,0.038,0.042,0.056,0.053,0.051,0.036,0.029,0.04,0.034,0.026,0.026
도시대기,전라남도,목포시,용당동,0.02,0.02,0.024,0.03,0.047,0.05,0.037,0.027,0.049,0.042,0.032,0.025
도시대기,전라남도,목포시,부흥동,0.029,0.027,0.033,0.042,0.039,0.036,0.027,0.023,0.04,0.038,0.028,0.021
도시대기,전라남도,영암군,나불리,0.028,0.032,0.035,0.043,0.04,0.036,0.027,0.018,0.031,0.032,0.025,0.02
도시대기,전라남도,영암군,영암읍,-,-,-,-,-,-,0.028*,0.02,0.029,0.025,0.023,0.018
도시대기,전라남도,나주시,빛가람동,0.024,0.04,0.048,0.055,0.055,0.057,0.043,0.033,0.04,0.034,0.031,0.024
도시대기,전라남도,담양군,담양읍,0.017,0.02,0.023,0.028,0.027,0.03,0.02,0.013*,0.017,0.017**,0.018,0.015
도시대기,전라남도,장성군,장성읍,0.023,0.027,0.033,0.042,0.041,0.042,0.031,0.022,0.028,0.032,0.025,0.021
도시대기,전라남도,해남군,해남읍,0.031,0.036,0.041,0.05,0.05,0.044,0.033,0.023,0.038,0.036,0.032,0.026
도시대기,전라남도,영광군,영광읍,0.032,0.037,0.043,0.051,0.048,0.048,0.036,0.025,0.037,0.032,0.029,0.027
도시대기,전라남도,장흥군,장흥읍,0.033,0.039,0.044,0.051,0.043,0.044,0.035,0.024,0.036,0.036,0.032,0.027
도시대기,전라남도,진도군,진도읍,0.03,0.032,0.036,0.043,0.038,0.033,0.025,0.018,0.031,0.033,0.027,0.023
도시대기,전라남도,완도군,신지면,0.028,0.03,0.031,0.036,0.034,0.031,0.023,0.016,0.03,0.031,0.026,0.024
도시대기,전라남도,함평군,함평읍,0.022,0.023,0.028,0.037,0.033,0.03,0.025,0.016,0.026,0.024,0.02,0.015
도시대기,전라남도,고흥군,고흥읍,0.024,0.03,0.032,0.04,0.039,0.041,0.043,0.035,0.048,0.059,0.057,0.022
도시대기,전라남도,신안군,신안군,0.036,0.042,0.049,0.057,0.053,0.05,0.04,0.027,0.046,0.047,0.038,0.036
도시대기,전라남도,무안군,무안읍,0.028,0.032,0.039,0.048,0.047,0.045,0.034,0.022,0.035,0.034,0.027,0.023
도시대기,전라남도,강진군,강진읍,0.033,0.037,0.041,0.055,0.051,0.048,0.031*,0.025,0.041,0.041,0.036*,0.024
도시대기,전라남도,곡성군,곡성읍,0.021,0.032,0.034,0.042,0.04,0.037,0.023,0.019,0.026,0.025,0.02,0.038
도시대기,전라남도,구례군,구례읍,0.023,0.033,0.036,0.044,0.039,0.039,0.026,0.018,0.023,0.026,0.022,0.022
도시대기,전라남도,보성군,벌교읍,0.029,0.031,0.033,0.043,0.035,0.032,0.021,0.014,0.024,0.029,0.023,0.023
도시대기,경상북도,영덕군,영덕읍,-,-,0.04,0.049,0.044,0.046,0.031,0.025,0.033,0.038,0.033,0.035
도시대기,경상북도,영덕군,영해면,-,-,-,-,-,-,-,-,-,-,-,0.027**
도시대기,경상북도,영천시,영천시,0.023,0.034,0.035,0.045,0.043,0.051,0.033,0.028,0.032,0.03,0.021,0.023
도시대기,경상북도,의성군,의성읍,-,-,0.035,0.047,0.043,0.049,0.029,0.022,0.029,0.027,0.018,0.014
도시대기,경상북도,포항시,장흥동,0.024,0.03,0.036,0.044,0.038,0.04,0.023,0.022,0.025,0.031,0.027,0.03
도시대기,경상북도,포항시,장량동,0.033,0.039,0.045,0.054,0.049,0.049,0.036,0.034,0.044,0.043,0.036,0.033
도시대기,경상북도,포항시,대도동,0.026,0.031,0.034,0.047,0.045,0.048,0.034,0.026,0.037,0.035,0.029,0.028
도시대기,경상북도,포항시,대송면,0.024,0.028,0.035,0.044,0.039,0.041,0.025,0.023,0.03,0.032,0.023,0.028
도시대기,경상북도,포항시,3공단,0.027,0.032,0.035,0.043,0.038,0.038,0.024,0.022,0.028,0.031,0.025,0.024
도시대기,경상북도,포항시,송도동,0.029,0.035,0.042,0.052,0.047,0.049,0.034,0.027,0.04,0.038,0.029,0.029
도시대기,경상북도,포항시,오천읍,0.026,0.031,0.036,0.049,0.047,0.049,0.034,0.029,0.038,0.035,0.027,0.025
도시대기,경상북도,포항시,청림동,0.023,0.029,0.032,0.041,0.041,0.042,0.029,0.025,0.032,0.03,0.022,0.022
도시대기,경상북도,구미시,공단동,0.021,0.027,0.035,0.047,0.045,0.049,0.031,0.024,0.028,0.027,0.019,0.018
도시대기,경상북도,구미시,원평동,0.032*,0.027,0.038,0.046,0.046,0.056,0.039,0.033,0.037,0.039**,0.017,0.015
도시대기,경상북도,구미시,형곡동,0.02,0.026,0.034,0.046,0.042,0.051,0.032,0.024,0.029,0.029*,0,0.019**
도시대기,경상북도,구미시,4공단,0.02,0.026,0.034,0.043,0.041,0.045,0.029,0.025,0.028,0.027,0.021,0.022
도시대기,경상북도,김천시,문당동,0.025,0.032,0.037,0.049,0.043,0.046,0.027,0.018,0.027,0.03,0.025,0.029
도시대기,경상북도,김천시,대광동,0.024,0.029,0.035,0.052,0.053,0.055,0.03,0.021,0.03,0.032,0.025,0.026
도시대기,경상북도,김천시,율곡동,-,-,0.034,0.047,0.045,0.047,0.03,0.021,0.03,0.029,0.021,0.02
도시대기,경상북도,김천시,평화남산동,-,-,-,-,-,-,-,-,-,-,0.025,0.029
도시대기,경상북도,경주시,성건동,0.021,0.026,0.031,0.04,0.039,0.044,0.026,0.026,0.03,0.027,0.019,0.022
도시대기,경상북도,경주시,보덕동,0.024,0.031,0.037,0.044,0.042,0.047,0.03,0.024,0.033,0.031,0.025,0.027
도시대기,경상북도,경주시,안강읍,0.026,0.032,0.038,0.047,0.045,0.049,0.032,0.027,0.034,0.031,0.026,0.028
도시대기,경상북도,경주시,외동읍,0.021,0.028,0.033,0.04,0.04,0.042,0.029,0.027,0.032,0.028,0.021,0.023
도시대기,경상북도,안동시,명륜동,0.021,0.027,0.038,0.048,0.046,0.051,0.032,0.023,0.031,0.027,0.02,0.02
도시대기,경상북도,영주시,가흥동,0.021**,0.027,0.036,0.045,0.04,0.043,0.025,0.018,0.025,0.023,0.019,0.019
도시대기,경상북도,경산시,중방동,0.017,0.024,0.034,0.043,0.042,0.047,0.029,0.027,0.031,0.026,0.018,0.018
도시대기,경상북도,상주시,상주시,0.024,0.031,0.038,0.052,0.047,0.052,0.031,0.028,0.033,0.043,0.026,0.024
도시대기,경상북도,칠곡군,칠곡군,0.021,0.026,0.032,0.043,0.042,0.047,0.031,0.027,0.029,0.026,0.02,0.02
도시대기,경상북도,울진군,울진군,0.028,0.033,0.038,0.045,0.048,0.052,0.032,0.029,0.038,0.036,0.032,0.029
도시대기,경상북도,봉화군,석포면,0.033**,0.032,0.041,0.041,0.039,0.043,0.025,0.024,0.031,0.027,0.024,0.024
도시대기,경상북도,울릉군,울릉읍,0.038,0.043,0.048,0.056,0.053,0.051,0.037,0.036,0.045,0.044,0.04,0.039
도시대기,경상북도,고령군,대가야읍,0.025,0.031,0.038,0.045,0.041,0.046,0.029,0.022,0.031,0.029,0.025,0.025
도시대기,경상북도,군위군,군위군,-,-,0.036,0.046,0.044,0.049,0.033,0.026,0.031,0.03,0.024,0.024
도시대기,경상북도,성주군,성주군,-,-,0.031,0.04,0.04,0.042,0.028,0.022,0.026,0.024,0.018,0.017
도시대기,경상북도,예천군,예천군,-,-,0.037,0.05,0.048,0.053,0.04,0.03,0.038,0.035,0.029,0.028
도시대기,경상북도,청도군,화양읍,-,-,0.027,0.033,0.044,0.049,0.033,0.04,0.035,0.031,0.024,0.023
도시대기,경상북도,청송군,청송군,-,-,0.040**,0.048,0.044,0.049,0.031,0.022,0.031,0.03,0.026,0.027
도시대기,경상북도,영양군,영양군,-,-,0.042,0.049,0.045,0.049,0.031,0.025,0.036,0.033,0.027,0.025
도시대기,경상북도,문경시,문경시,-,-,0.035,0.047,0.045,0.05,0.033,0.025,0.029,0.026,0.02,0.021
도시대기,경상남도,창원시,명서동,0.027,0.027,0.036,0.048,0.048,0.047,0.032,0.03,0.038,0.033,0.023,0.024
도시대기,경상남도,창원시,웅남동,0.022,0.023,0.034,0.047,0.047,0.049,0.032,0.033,0.036,0.027,0.019,0.02
도시대기,경상남도,창원시,성주동,0.022,0.027,0.036,0.043,0.041,0.042,0.031,0.03,0.036,0.033,0.024,0.021
도시대기,경상남도,창원시,용지동,0.025,0.028,0.035*,0.05,0.05,0.052,0.034,0.03,0.026,0.026,0.021,0.02
도시대기,경상남도,창원시,사파동,0.021,0.024,0.033,0.043,0.042,0.045,0.03,0.031,0.044*,0,0.023**,0.019
도시대기,경상남도,창원시,경화동,0.024,0.026,0.034,0.045,0.04,0.037,0.025,0.024,0.034,0.033,0.023,0.021
도시대기,경상남도,창원시,회원동,0.022,0.027,0.034,0.046,0.043,0.041,0.026,0.027,0.035,0.034,0.023,0.022
도시대기,경상남도,창원시,봉암동,0.021,0.023,0.026,0.037,0.034,0.035,0.023,0.025,0.032,0.032,0.023,0.023
도시대기,경상남도,창원시,월영동,0.024,0.026,0.036*,0.046,0.043,0.043,0.03,0.028,0.038,0.036,0.024,0.022
도시대기,경상남도,창원시,내서읍,-,-,-,-,-,-,-,-,-,-,-,0.018**
도시대기,경상남도,진주시,상봉동,0.016,0.025,0.033,0.039,0.038,0.044,0.03,0.026,0.033,0.031,0.025,0.025
도시대기,경상남도,진주시,대안동,0.023,0.027,0.036,0.046,0.046,0.048,0.034,0.027,0.043*,0,0.031**,0.023
도시대기,경상남도,진주시,상대동,0.017,0.024,0.034,0.044,0.046,0.045,0.029,0.026,0.033,0.031,0.022,0.021
도시대기,경상남도,진주시,정촌면,-,-,-,-,-,-,-,-,-,-,-,0.016**
도시대기,경상남도,하동군,하동읍,0.029,0.036,0.041*,0.054,0.049,0.047,0.035,0.027,0.038,0.038,0.029,0.026
도시대기,경상남도,김해시,동상동,0.024,0.027,0.033,0.047,0.042,0.045,0.03,0.033,0.045**,0,0.023*,0.028*
도시대기,경상남도,김해시,삼방동,0.029,0.03,0.036,0.048,0.046,0.045,0.03,0.028,0.04,0.038,0.026,0.024
도시대기,경상남도,김해시,장유동,0.022,0.024,0.033,0.044,0.042,0.045,0.028,0.026,0.033,0.029,0.02,0.021
도시대기,경상남도,김해시,진영읍,0.019,0.023,0.032,0.043,0.043,0.048,0.033,0.03,0.038,0.032,0.021,0.019
도시대기,경상남도,양산시,북부동,0.021,0.022,0.029,0.039,0.041,0.041,0.027,0.024,0.035,0.03,0.02,0.023
도시대기,경상남도,양산시,삼호동,-,-,0.038,0.048,0.047,0.048,0.03,0.029,0.033,0.031,0.023,0.022
도시대기,경상남도,양산시,물금읍,-,-,-,-,-,-,-,-,-,-,-,0.027**
도시대기,경상남도,거제시,아주동,0.026,0.035,0.041,0.045,0.045,0.04,0.031,0.029,0.038,0.038**,0.023,0.021**
도시대기,경상남도,거제시,고현동,-,-,-,-,-,-,-,-,-,-,-,0.026**
도시대기,경상남도,사천시,사천읍,0.017,0.028,0.038,0.05,0.049,0.05,0.036,0.031,0.036,0.03,0.025,0.022
도시대기,경상남도,사천시,향촌동,-,-,-,-,-,-,-,-,-,-,-,0.026**
도시대기,경상남도,밀양시,내일동,0.022,0.028,0.034,0.044,0.044,0.048,0.031,0.025,0.035,0.034,0.023,0.022
도시대기,경상남도,통영시,무전동,0.023,0.03,0.038,0.047,0.045,0.045,0.033,0.029,0.041,0.041,0.029,0.026
도시대기,경상남도,고성군,고성읍,0.024,0.031,0.038,0.05,0.053,0.05,0.036,0.03,0.041,0.038,0.028,0.024
도시대기,경상남도,거창군,거창읍,0.023,0.031,0.039,0.052,0.049,0.047,0.032,0.021,0.032,0.03,0.022,0.022
도시대기,경상남도,함안군,가야읍,0.02,0.029,0.035,0.046,0.044,0.049,0.03,0.027,0.029,0.026,0.021,0.019
도시대기,경상남도,함양군,함양읍,0.027,0.034,0.04,0.053,0.049,0.05,0.033,0.021,0.032,0.031,0.027,0.026
도시대기,경상남도,남해군,남해읍,0.028,0.033,0.038,0.049*,0.05,0.046,0.032,0.027,0.042,0.037,0.028,0.026
도시대기,경상남도,산청군,산청읍,0.027,0.034,0.039,0.051,0.049,0.05,0.033,0.022,0.029,0.032,0.028,0.031
도시대기,경상남도,의령군,의령읍,0.023,0.031,0.039,0.055,0.05,0.052,0.031,0.026,0.034,0.031,0.024,0.022
도시대기,경상남도,창녕군,창녕읍,0.022,0.026,0.035,0.044,0.045,0.049,0.031,0.028,0.034,0.032,0.025,0.023
도시대기,경상남도,합천군,합천읍,0.021,0.029,0.037,0.047,0.044,0.048,0.031,0.023,0.031,0.029,0.023,0.022
도시대기,제주특별자치도,제주시,이도동,0.032,0.036,0.037,0.047,0.041,0.036,0.033,0.023,0.043,0.044,0.034,0.032
도시대기,제주특별자치도,제주시,연동,0.035,0.039,0.043,0.051,0.045,0.039,0.033,0.021,0.046,0.045,0.034,0.033
도시대기,제주특별자치도,서귀포시,동홍동,0.035,0.042,0.048,0.058,0.049,0.043,0.036,0.022,0.047,0.046,0.038,0.035
도시대기,제주특별자치도,서귀포시,성산읍,0.038,0.04,0.043,0.05,0.043,0.038,0.031,0.019,0.046,0.047,0.038,0.037
도시대기,제주특별자치도,서귀포시,대정읍,0.041,0.046,0.049,0.059,0.052,0.044,0.039,0.022,0.048,0.047,0.039,0.037
도시대기,제주특별자치도,서귀포시,남원읍,0.04,0.042,0.046,0.055,0.045,0.037,0.031,0.02,0.043,0.046,0.038,0.037
국가배경농도,인천광역시,옹진군,백령도,0.041,0.045,0.052,0.059,0.057,0.061,0.051,0.034,0.042,0.052,0.041,0.039
국가배경농도,인천광역시,옹진군,연평도,-,-,-,-,-,-,-,-,-,0.048,0.038,0.036
국가배경농도,인천광역시,옹진군,울도,-,-,-,-,-,-,-,0.029,0.039,0.03,0.023,0.026
국가배경농도,충청남도,보령시,외연도,-,-,-,-,-,-,-,0.031,0.053,0.051,0.044,0.041
국가배경농도,전라남도,영광군,안마도,-,-,-,-,-,-,-,-,0.058,0.032,0.046,0.045
국가배경농도,전라남도,신안군,홍도동,-,-,-,-,-,-,-,-,-,-,-,0.042*
국가배경농도,전라남도,신안군,가거도,-,-,-,-,-,-,-,-,-,-,-,0.041
국가배경농도,경상북도,울릉군,태하리,0.043,0.045,0.048,0.056,0.056,0.053,0.038,0.035,0.042,0.045,0.041,0.04
국가배경농도,제주특별자치도,제주시,고산리,0.039,0.043,0.047,0.056,0.048,0.041,0.031,0.021,0.045*,0.049,0.04,0.039
교외대기,인천광역시,강화군,석모리,0.033,0.037,0.046,0.051,0.05,0.052,0.043,0.031,0.044,0.044,0.036,0.033
교외대기,인천광역시,옹진군,덕적도,0.036,0.039,0.048,0.053,0.047,0.05,0.039,0.025,0.041,0.046,0.039,0.041*
교외대기,인천광역시,서구,경인항,-,-,-,-,-,-,-,0.029,0.041,0.033,0.024,0.023
교외대기,인천광역시,중구,인천항,-,-,-,-,-,-,-,-,-,0.029,0.02,0.018
교외대기,울산광역시,남구,울산항,-,-,-,-,-,-,-,0.019,0.026,0.028,0.019,0.02
교외대기,경기도,이천시,설성면,0.02,0.027,0.037,0.045,-,0.058,0.036,0.027,0.037,0.03,0.023,0.02
교외대기,경기도,파주시,파주동,0.03,0.031,0.04,0.044,0.044,0.047,0.032,0.022,0.033,0.032,0.028,0.026
교외대기,경기도,포천시,관인면,0.028,0.032,0.04,0.05,0.042,0.042,0.027,0.02,0.029,0.027,0.03,0.03
교외대기,경기도,연천군,연천(DMZ),-,-,-,-,-,-,-,-,-,-,-,0.031
교외대기,강원도,양구군,방산면,0.026,0.032,0.038,0.042,0.037,0.038,0.023,0.014,0.022,0.028,0.026,0.026
교외대기,강원도,고성군,간성읍,0.034,0.038,0.044,0.047,0.043,0.047,0.031,0.029,0.039,0.046**,0.051,0.046
교외대기,강원도,고성군,인제(DMZ),-,-,-,-,-,-,-,-,-,0.047,0.039,0.035
교외대기,강원도,고성군,고성(DMZ),-,-,-,-,-,-,-,-,-,0.044,0.043,0.041
교외대기,강원도,정선군,북평면,0.025,0.031,0.036*,0.043,0.038,0.046,0.025,0.021,0.03,0.029,0.027,0.028
교외대기,강원도,횡성군,치악산,0.021,0.026,0.033,0.04,0.035,0.04,0.023,0.018,0.023,0.022,0.02,0.021
교외대기,강원도,동해시,묵호항,-,-,-,-,-,-,-,0.027,0.037,0.033,0.03,0.036
교외대기,강원도,동해시,동해항,-,-,-,-,-,-,-,0.015,0.029,0.027,0.022,0.026
교외대기,강원도,철원시,철원(DMZ),-,-,-,-,-,-,-,-,-,0.029,0.028,0.026
교외대기,강원도,화천군,화천(DMZ),-,-,-,-,-,-,-,-,-,0.048,0.04,0.039
교외대기,충청북도,괴산군,청천면,0.022,0.027,0.034,0.043,0.038,0.056,0.024,0.018,0.024,0.023,0.022,0.021
교외대기,충청북도,음성군,금왕동,0.018,0.025,0.036,0.042,0.05,0.056,0.035,0.027,0.032,0.024,0.017,0.016
교외대기,충청남도,태안군,파도리,0.035*,0.035,0.041,0.042,0.042,0.044,0.038,0.021,0,0,0.037*,0.036
교외대기,충청남도,당진시,평택당진항,-,-,-,-,-,-,-,-,-,0.032,0.025,0.024
교외대기,충청남도,공주시,사곡면,0.031,0.038,0.048,0.049,0.042,0.046,0.031,0.02,0.032,0.029,0.026*,0.023
교외대기,충청남도,서천시,장항항,-,-,-,-,-,-,-,0.025,0.036,0.032,0.026,0.023
교외대기,전라북도,임실군,운암면,0.026*,0.022,0.023,0.046,0.04,0.036,0.027,0.018,0.025*,0.029,0.026,0.024
교외대기,전라북도,부안군,새만금,0.03,0.034,0.042,0.047,0.046,0.047,0.036,0.022,0.033,0.039,0.033,0.033
교외대기,전라북도,군산시,군산항,-,-,-,-,-,-,-,-,0.038*,0.033*,0.028,0.026
교외대기,전라남도,화순군,송단리,0.031,0.036,0.041,0.048,0.042,0.039,0.028,0.021,0.027*,0.033,0.032,0.031
교외대기,전라남도,여수시,여수항,-,-,-,-,-,-,-,-,0.038*,0.038,0.026,0.024
교외대기,전라남도,광양시,광양항,-,-,-,-,-,-,-,-,0.034*,0.034,0.026,0.023
교외대기,전라남도,영암군,목포항,-,-,-,-,-,-,-,-,0.019*,0.027,0.031,0.025
교외대기,경상북도,영덕군,지품면,0.029,0.035,0.039,0.045,0.044,0.049,-,-,-,-,-,-
교외대기,경상북도,영덕군,강구면,-,-,-,-,-,-,-,-,-,0.038,0.033,0.035
교외대기,경상북도,영천시,화북면,0.015,0.034,0.041,0.058,0.055,0.053,0.049,0.028,0.033,0.026,0,0.029
교외대기,경상북도,의성군,안계동,0.021,0.028,0.034,0.041,0.042,0.044,0.028,0.021,0.027,0.026,0.022,0.022
교외대기,경상북도,포항시,포항항,-,-,-,-,-,-,-,0.02,0.031,0.028,0.019,0.019
교외대기,경상남도,창원시,대산면,0.024,0.032,0.037,0.044,0.042,0.045,0.028,0.022,0.032,0.028,0.022,0.023
교외대기,경상남도,창원시,부산항,-,-,-,-,-,-,-,0.023,0.036,0.033,0.022,0.021
교외대기,경상남도,창원시,마산항,-,-,-,-,-,-,-,0.027,0.033,0.031,0.021,0.02
교외대기,경상남도,거제시,저구리,0.033,0.04,0.022*,0.052,0.046,0.042,0.03,0.014*,0,0.044,0.035,0.034
교외대기,경상남도,거창군,남상면,0.022,0.029**,0.022*,0.031,0.04,0.04,0.026,0.015,0.024,0.021,0.02,0.022
도로변대기,서울특별시,서울,한강대로,0.012,0.016,0.022,0.03,0.028,0.033,0.023,0.012,0.021,0.018,0.013,0.013
도로변대기,서울특별시,서울,청계천로,0.013,0.017,0.026,0.034,0.03,0.038,0.025,0.015,0.023,0.019,0.013,0.013
도로변대기,서울특별시,서울,종로동,0.013,0.017,0.025,0.035,0.032,0.043,0.026,0.015,0.023,0.021,0.015,0.015
도로변대기,서울특별시,서울,홍릉로,0.014,0.015,0.025,0.033,0.031,0.038,0.026,0.015,0.023,0.018,0.011,0.01
도로변대기,서울특별시,서울,신촌로,0.01,0.014,0.022,0.03,0.025,0.03,0.022,0.014,0.021,0.016,0.01,0.01
도로변대기,서울특별시,서울,영등포로,0.01,0.014,0.021,0.028,0.026,0.033,0.023,0.013,0.022,0.017,0.01,0.011
도로변대기,서울특별시,서울,도산대로,0.012,0.015,0.025,0.036,0.032,0.033,0.022,0.013,0.021,0.016,0.01,0.011
도로변대기,서울특별시,서울,천호대로,0.01,0.015,0.021,0.033,0.029,0.039,0.024,0.016,0.022,0.016,0.011,0.011
도로변대기,서울특별시,서울,강남대로,0.007,0.012,0.02,0.029,0.025,0.032,0.02,0.014,0.018,0.013,0.01,0.011
도로변대기,서울특별시,서울,강변북로,0.011,0.014,0.02,0.03,0.027,0.032,0.025,0.014,0.024,0.019,0.012,0.013
도로변대기,서울특별시,서울,화랑로,0.011,0.016,0.023,0.029,0.029,0.041,0.031*,0.019*,0,0.010*,0.008,0.008
도로변대기,서울특별시,서울,공항대로,0.009,0.016,0.019,0.027,0.027,0.034,0.024,0.015,0.018**,0.016*,0.013,0.012
도로변대기,서울특별시,서울,동작대로,0.01,0.014,0.022,0.032,0.028,0.038,0.025,0.016,0.017**,0.012*,0.009,0.009
도로변대기,서울특별시,서울,정릉로,0.006,0.01,0.02,0.028,0.029,0.036,0.027,0.011,0,0.014*,0.011,0.01
도로변대기,서울특별시,서울,시흥대로,0.011,0.017,0.025,0.034,0.026,0.034,0.021,0.015,0.019,0.016,0.012,0.012
도로변대기,서울특별시,서울,시도평균,0.011,0.015,0.022,0.031,0.028,0.036,0.024,0.014,0.022*,0.017,0.011,0.011
도로변대기,부산광역시,부산,온천동,0.016,0.019,0.02,0.034,0.034,0.032,0.021,0.02,0.03,0.028,0.018,0.016
도로변대기,부산광역시,부산,초량동,0.027,0.029,0.034,0.046,0.032,0.027,0.018,0.018,0.031,0.036,0.027,0.028
도로변대기,부산광역시,부산,부산북항,0.02,0.022,0.027,0.04,0.03,0.027,0.017,0.019,0.027,0.028,0.02,0.022
도로변대기,부산광역시,부산,부산신항,0.023,0.025,0.029,0.038,0.045,0.044,0.029,0.028,0.028,0.03,0.021,0.016
도로변대기,부산광역시,부산,시도평균,0.021,0.024,0.028,0.039,0.035,0.033,0.021,0.021,0.029,0.031,0.022,0.02
도로변대기,대구광역시,대구,평리동,0.013,0.016,0.022,0.03,0.031,0.036,0.022,0.012**,0,0,0.013,0.01
도로변대기,대구광역시,대구,이곡동,0.016,0.021,0.028,0.038,0.035,0.038,0.02,0.019,0.017,0.016,0.012,0.012
도로변대기,대구광역시,대구,시도평균,0.014,0.019,0.025,0.034,0.033,0.037,0.021,0.017*,0.017**,0.016**,0.013,0.011
도로변대기,인천광역시,인천,석바위,0.014,0.017,0.025,0.034,0.034,0.039,0.03,0.021,0.03,0.022,0.017,0.014
도로변대기,인천광역시,인천,부평역,0.009,0.012,0.019,0.025,0.021,0.024,0.016,0.009,0.015,0.012,0.007,0.009
도로변대기,인천광역시,인천,송현동,0.017,0.019,0.027,0.037,0.032,0.039,0.029,0.017,0.029,0.026,0.017,0.016
도로변대기,인천광역시,인천,서해동,-,-,0.028,0.037,0.033,0.038,0.028,0.018,0.028,0.027,0.019,0.018
도로변대기,인천광역시,인천,남동,-,-,0.03,0.041,0.038,0.046,0.033,0.016**,0.024*,0.019,0.013,0.014
도로변대기,인천광역시,인천,중봉동,-,-,-,-,-,-,-,-,0.035**,0.028,0.018,0.018
도로변대기,인천광역시,인천,시도평균,0.013,0.016,0.026,0.035,0.031,0.037,0.027,0.016,0.025,0.022,0.015,0.015
도로변대기,광주광역시,광주시,치평동,0.021,0.024,0.03,0.042,0.039,0.039,0.029,0.021,0.031,0.03,0.021,0.018
도로변대기,광주광역시,광주시,운암동,0.016,0.02,0.025,0.028,0.029,0.029,0.021,0.016,0.023,0.02,0.014,0.012
도로변대기,광주광역시,광주시,시도평균,0.018,0.022,0.028,0.035,0.034,0.034,0.025,0.018,0.027,0.025,0.017,0.015
도로변대기,대전광역시,대전,대흥동1,0.011,0.017,0.026,0.038,0.032,0.034,0.02,0.012,0.024*,0.022,0.016,0.013
도로변대기,대전광역시,대전,월평동,0.012,0.017,0.025,0.033,0.032,0.05,0.029,0.025,0.033,0.024,0.016,0.014
도로변대기,대전광역시,대전,시도평균,0.011,0.017,0.026,0.035,0.032,0.042,0.024,0.019,0.03,0.023,0.016,0.013
도로변대기,울산광역시,울산,신정로,0.016,0.02,0.027,0.033,0.03,0.029,0.018,0.021,0.024,0.024,0.016,0.017
도로변대기,울산광역시,울산,북부순환도로,-,-,-,-,-,-,-,-,-,-,-,0.022**
도로변대기,울산광역시,울산,시도평균,-,-,-,-,-,-,-,-,-,-,-,0.018*
도로변대기,경기도,수원시,경수대로(동수원),0.008,0.012,0.018,0.03,0.029,0.035,0.025,0.014,0.023,0.016,0.01,0.007
도로변대기,경기도,성남시,성남대로(모란역),0.008,0.012,0.019,0.027,0.025,0.034,0.022,0.015,0.019,0.013,0.01,0.01
도로변대기,경기도,안산시,중앙대로(고잔동),0.010*,0.014,0.022,0.031,0.026,0.033,0.023,0.015,0.021,0.014,0.011,0.01
도로변대기,경기도,고양시,백마로(마두역),0.013,0.019,0.029,0.038,0.038,0.044,0.033,0.022,0.027,0.022,0.016,0.016
도로변대기,경기도,부천시,송내대로(중동),0.012,0.015,0.022,0.029,0.033,0.04,0.031,0.023,0.029,0.022,0.012,0.013
도로변대기,경기도,남양주시,경춘로,-,-,-,-,0.021,0.036,0.025,0.017,0.021,0.015,0.011,0.01
도로변대기,경기도,김포시,한강로,-,-,-,-,-,-,0.037,0.024,0.031,0.024,0.017,0.016
도로변대기,경기도,오산시,금암로(신장동),0.014,0.019,0.029,0.038,0.036,0.045,0.031,0.02,0.027,0.02,0.015,0.014
도로변대기,경기도,시도평균,소계,0.011,0.015,0.023,0.032,0.03,0.038,0.028,0.019,0.025,0.018,0.013,0.012
도로변대기,강원도,춘천시,온의동,-,-,-,-,0.03,0.041,0.025,0.017,0.021,0.016,0.012,0.011
도로변대기,충청북도,청주시,복대동,0.015,0.02,0.03,0.042,0.038,0.044,0.025,0.017,0.028,0.022,0.015,0.013
도로변대기,충청남도,천안시,성성동,0.012,0.018,0.03,0.04,0.039,0.049,0.033,0.028,0.031,0.023,0.017,0.013
도로변대기,경상남도,창원시,반송로,0.019,0.023,0.032,0.042,0.038,0.04,0.024,0.024,0.031,0.026,0.018,0.016
도로변대기,제주특별자치도,제주시,노형로,0.029,0.032,0.039,0.049,0.042,0.035,0.029,0.019,0.039,0.04,0.022,0.027
